#VRML V2.0 utf8
# 3D model generated by easyeda2kicad.py (https://github.com/uPesy/easyeda2kicad.py)

Shape{
    appearance Appearance {
        material  Material 	{
            diffuseColor 0.2235294117647059 0.2235294117647059 0.2235294117647059
            specularColor 0.11372549019607843 0.11372549019607843 0.11372549019607843
            ambientIntensity 0.2235
            transparency 0.0
            shininess 0.5
        }
    }
    geometry IndexedFaceSet {
        ccw TRUE
        solid FALSE
        coord DEF co Coordinate {
            point [
                0.0408 -0.4371 0.3937, -0.1032 -0.4371 0.3937, -0.1032 -0.43 0.3937, -1.122 -1.2697 0.3937, -1.2205 -1.2697 0.3937, -1.2205 -0.4371 0.3937, -0.1032 -0.2308 0.3937, -0.1032 -0.0177 0.3937, 0.0408 -0.2308 0.3937, 0.0408 -0.0177 0.3937, 0.2257 -0.2308 0.3937, 0.2257 -0.0177 0.3937, 0.5793 -0.2308 0.3937, 0.4745 -0.0177 0.3937, 0.5793 0.1004 0.3937, 0.4745 0.1004 0.3937, -0.1766 -0.2296 0.3937, -0.1882 -0.2308 0.3937, -0.2773 -0.0177 0.3937, -0.5673 0.1004 0.3937, -0.4745 0.1004 0.3937, -0.5673 -0.2308 0.3937, -0.4745 -0.0177 0.3937, -0.1224 -0.2422 0.3937, -0.1224 -0.2638 0.3937, -0.1434 -0.2336 0.3937, -0.1633 -0.2308 0.3937, -0.1712 -0.2297 0.3937, -0.1685 -0.4096 0.3937, -0.126 -0.2619 0.3937, -0.1446 -0.4065 0.3937, -0.1224 -0.397 0.3937, -0.1224 -0.4234 0.3937, -0.1879 -0.4075 0.3937, -0.2026 -0.4022 0.3937, -0.2165 -0.3928 0.3937, -0.2283 -0.3796 0.3937, -0.2364 -0.3644 0.3937, -0.2416 -0.3431 0.3937, -0.2425 -0.3283 0.3937, -0.2405 -0.307 0.3937, -0.2351 -0.2901 0.3937, -0.173 -0.2512 0.3937, -0.2178 -0.2668 0.3937, -0.1912 -0.2532 0.3937, -0.2057 -0.2586 0.3937, -0.2269 -0.2764 0.3937, -0.1468 -0.2541 0.3937, -0.1827 -0.43 0.3937, -0.1688 -0.4312 0.3937, -0.2773 -0.4371 0.3937, -0.1514 -0.43 0.3937, -0.1452 -0.4296 0.3937, -0.2585 -0.3771 0.3937, -0.2467 -0.3957 0.3937, -0.2773 -0.43 0.3937, -0.2773 -0.2308 0.3937, -0.2008 -0.2321 0.3937, -0.2199 -0.2387 0.3937, -0.2359 -0.2489 0.3937, -0.2503 -0.2641 0.3937, -0.2608 -0.2826 0.3937, -0.2295 -0.4122 0.3937, -0.2111 -0.423 0.3937, -0.1895 -0.4295 0.3937, -0.2669 -0.3037 0.3937, -0.2689 -0.3267 0.3937, -0.266 -0.3547 0.3937, 1.0236 -0.4429 0.3937, 0.748 -0.4429 0.3937, 0.5793 -0.4371 0.3937, 0.748 -0.561 0.3937, -0.748 -0.561 0.3937, -0.748 -0.4429 0.3937, -0.5673 -0.4371 0.3937, -1.0236 -0.561 0.3937, -0.7087 -1.2697 0.3937, -0.5673 -1.2697 0.3937, -0.2773 -1.2697 0.3937, -0.1032 -1.2697 0.3937, 0.0408 -1.2697 0.3937, 0.2257 -1.2697 0.3937, -1.0236 -0.4429 0.3937, -1.122 -0.4371 0.3937, -0.5673 -0.43 0.3937, 0.2617 -0.232 0.3937, 0.2329 -0.232 0.3937, 0.3817 -0.232 0.3937, 0.3618 -0.2872 0.3937, 0.2805 -0.2872 0.3937, 0.2257 -0.43 0.3937, 0.3073 -0.4288 0.3937, 0.3337 -0.4288 0.3937, 0.4105 -0.232 0.3937, 0.5793 -0.43 0.3937, 0.1156 -0.4288 0.3937, 0.144 -0.4258 0.3937, 0.1671 -0.4177 0.3937, 0.1865 -0.405 0.3937, 1.2205 -0.4371 0.3937, 1.0236 -0.561 0.3937, 1.2205 -1.2697 0.3937, 0.5793 -1.2697 0.3937, 0.2257 -0.4371 0.3937, 0.0408 -0.43 0.3937, 0.2087 -0.286 0.3937, 0.1976 -0.2687 0.3937, 0.1815 -0.2531 0.3937, 0.1611 -0.2411 0.3937, 0.1385 -0.2342 0.3937, 0.1135 -0.232 0.3937, 0.06 -0.232 0.3937, 0.06 -0.4288 0.3937, 0.1942 -0.3979 0.3937, 0.206 -0.3825 0.3937, 0.2143 -0.3634 0.3937, 0.2181 -0.3426 0.3937, 0.2185 -0.3329 0.3937, 0.2157 -0.3066 0.3937, 0.0168 -0.4288 0.3937, 0.0168 -0.4072 0.3937, 0.0216 -0.2536 0.3937, 0.0216 -0.232 0.3937, -0.084 -0.232 0.3937, -0.084 -0.4288 0.3937, -0.0576 -0.3208 0.3937, -0.0576 -0.2536 0.3937, 0.012 -0.3208 0.3937, 0.012 -0.3424 0.3937, -0.0576 -0.3424 0.3937, -0.0576 -0.4072 0.3937, -0.2857 -0.2536 0.3937, -0.2857 -0.232 0.3937, -0.3865 -0.232 0.3937, -0.3601 -0.2536 0.3937, -0.3601 -0.4288 0.3937, -0.3865 -0.4288 0.3937, 1.2205 -0.43 0.3937, 1.2205 -0.2308 0.3937, 1.2205 0.1004 0.3937, -1.122 -0.43 0.3937, -1.122 -0.2308 0.3937, -1.122 0.1004 0.3937, -1.2205 -0.43 0.3937, -1.2205 -0.2308 0.3937, -1.2205 0.1004 0.3937, 0.4745 0.1004 1.1385, 1.2205 0.1004 1.1385, 1.2205 0.1004 2.9134, 1.2205 0.1004 2.1685, 1.0236 0.1004 2.9134, 0.4745 0.1004 2.1685, 0.748 0.1004 2.9134, 0.4745 0.1004 2.9134, -0.4745 0.1004 2.9134, -0.4745 0.1004 2.1685, -0.748 0.1004 2.9134, -1.2205 0.1004 2.1685, -1.0236 0.1004 2.9134, -1.2205 0.1004 2.9134, 1.2205 -0.0768 1.1385, 1.2205 -0.0768 2.1685, 1.2205 -1.2697 2.9134, 1.2205 -1.2697 0.8661, -1.2205 0.1004 1.1385, -0.4745 0.1004 1.1385, -1.2205 -1.2697 2.9134, -1.2205 -0.0768 2.1685, -1.2205 -1.2697 0.8661, -1.2205 -0.0768 1.1385, -0.7494 -1.2697 2.3819, -0.7745 -1.2697 2.3493, -0.7087 -1.2697 0.8661, -1.0222 -1.2697 2.5394, -0.9972 -1.2697 2.572, -0.8858 -1.2697 2.3032, -0.9266 -1.2697 2.3085, -0.9646 -1.2697 2.3243, -0.9972 -1.2697 2.3493, -1.0222 -1.2697 2.3819, -0.8451 -1.2697 2.6127, -0.8071 -1.2697 2.597, -0.7087 -1.2697 2.9134, -0.7745 -1.2697 2.572, -0.7494 -1.2697 2.5394, -0.8071 -1.2697 2.3243, -0.8451 -1.2697 2.3085, -1.0379 -1.2697 2.4199, -1.0433 -1.2697 2.4606, -1.0379 -1.2697 2.5014, -0.9646 -1.2697 2.597, -0.9266 -1.2697 2.6127, -0.8858 -1.2697 2.6181, -0.7337 -1.2697 2.5014, -0.7283 -1.2697 2.4606, -0.7337 -1.2697 2.4199, -0.8858 -1.2697 0.5315, -1.0379 -1.2697 0.7297, -1.0222 -1.2697 0.7677, -0.9266 -1.2697 0.8411, -0.8858 -1.2697 0.8465, -0.8451 -1.2697 0.8411, -0.8071 -1.2697 0.8254, -0.9972 -1.2697 0.5776, -0.9646 -1.2697 0.5526, -0.9266 -1.2697 0.5369, -0.9972 -1.2697 0.8003, -0.9646 -1.2697 0.8254, -1.0222 -1.2697 0.6102, -1.0379 -1.2697 0.6482, -1.0433 -1.2697 0.689, -0.7745 -1.2697 0.5776, -0.8071 -1.2697 0.5526, -0.8451 -1.2697 0.5369, -0.7337 -1.2697 0.7297, -0.7283 -1.2697 0.689, -0.7745 -1.2697 0.8003, -0.7494 -1.2697 0.7677, -0.7337 -1.2697 0.6482, -0.7494 -1.2697 0.6102, 0.3344 -1.2697 0.9724, 0.2063 -1.2697 0.9174, 0.8858 -1.2697 2.3032, 0.8451 -1.2697 2.3085, 0.681 -1.2697 1.6791, 0.6881 -1.2697 1.5399, 0.667 -1.2697 1.4021, 0.6186 -1.2697 1.2714, 0.7337 -1.2697 2.4199, -0.1387 -1.2697 2.2497, 0.7494 -1.2697 2.3819, 0.0 -1.2697 2.2638, 0.1387 -1.2697 2.2497, 1.0222 -1.2697 2.3819, 0.9972 -1.2697 2.3493, 0.5448 -1.2697 1.1531, 0.4488 -1.2697 1.052, -0.2063 -1.2697 0.9174, -0.3344 -1.2697 0.9724, 0.7745 -1.2697 2.572, 0.8071 -1.2697 2.597, 0.8451 -1.2697 2.6127, 0.8858 -1.2697 2.6181, 0.9266 -1.2697 2.6127, 0.9646 -1.2697 2.3243, 0.9266 -1.2697 2.3085, 0.2717 -1.2697 2.2079, 0.3936 -1.2697 2.1403, 0.7745 -1.2697 2.3493, 0.4994 -1.2697 2.0495, 0.8071 -1.2697 2.3243, 0.5847 -1.2697 1.9392, 0.6461 -1.2697 1.8141, -0.3936 -1.2697 2.1403, -0.2717 -1.2697 2.2079, 0.9646 -1.2697 2.597, 0.9972 -1.2697 2.572, 1.0222 -1.2697 2.5394, 0.0697 -1.2697 0.8894, 0.0 -1.2697 0.8858, -0.0697 -1.2697 0.8894, 0.7283 -1.2697 2.4606, 0.7337 -1.2697 2.5014, 0.7494 -1.2697 2.5394, -0.6461 -1.2697 1.8141, -0.5847 -1.2697 1.9392, -0.4994 -1.2697 2.0495, 1.0379 -1.2697 2.5014, 1.0433 -1.2697 2.4606, 1.0379 -1.2697 2.4199, -0.4488 -1.2697 1.052, -0.5448 -1.2697 1.1531, -0.6186 -1.2697 1.2714, -0.667 -1.2697 1.4021, -0.6881 -1.2697 1.5399, -0.681 -1.2697 1.6791, 0.8858 -1.2697 0.5315, 0.8451 -1.2697 0.5369, 0.7337 -1.2697 0.7297, 0.7494 -1.2697 0.7677, 0.7745 -1.2697 0.8003, 0.8071 -1.2697 0.8254, 1.0222 -1.2697 0.7677, 0.9972 -1.2697 0.8003, 0.9646 -1.2697 0.8254, 1.0222 -1.2697 0.6102, 0.9972 -1.2697 0.5776, 0.8451 -1.2697 0.8411, 0.8858 -1.2697 0.8465, 0.9266 -1.2697 0.8411, 1.0379 -1.2697 0.7297, 1.0433 -1.2697 0.689, 1.0379 -1.2697 0.6482, 0.9646 -1.2697 0.5526, 0.9266 -1.2697 0.5369, 0.8071 -1.2697 0.5526, 0.7745 -1.2697 0.5776, 0.7494 -1.2697 0.6102, 0.7337 -1.2697 0.6482, 0.7283 -1.2697 0.689, 1.0236 -0.3553 2.9134, 1.0236 -0.5414 2.9134, 0.748 -0.5414 2.9134, 0.748 -0.3553 2.9134, 0.4745 -0.0177 2.9134, -1.0236 -0.3553 2.9134, -0.4745 -0.0177 2.9134, -0.748 -0.3553 2.9134, -1.0236 -0.5414 2.9134, -0.748 -0.5414 2.9134, -0.4745 -0.0177 1.1385, 0.4745 -0.0177 1.1385, 1.1909 -0.0256 1.1385, 1.2032 -0.035 1.1385, 1.1767 -0.0197 1.1385, 1.2126 -0.0472 1.1385, 1.2185 -0.0615 1.1385, 1.1614 -0.0177 1.1385, 1.2032 -0.035 2.1685, 1.1909 -0.0256 2.1685, 1.2185 -0.0615 2.1685, 1.2126 -0.0472 2.1685, 0.4745 -0.0177 2.1685, 1.1614 -0.0177 2.1685, 1.1767 -0.0197 2.1685, -0.4745 -0.0177 2.1685, -1.2032 -0.035 2.1685, -1.1909 -0.0256 2.1685, -1.1767 -0.0197 2.1685, -1.2126 -0.0472 2.1685, -1.2185 -0.0615 2.1685, -1.1614 -0.0177 2.1685, -1.2032 -0.035 1.1385, -1.1909 -0.0256 1.1385, -1.2185 -0.0615 1.1385, -1.2126 -0.0472 1.1385, -1.1614 -0.0177 1.1385, -1.1767 -0.0197 1.1385
            ]
        }
        coordIndex [
            0,1,2,-1,3,4,5,-1,6,7,8,-1,8,7,9,-1,8,9,10,-1,10,9,11,-1,10,11,12,-1,12,11,13,-1,12,13,14,-1,14,13,15,-1,16,17,7,-1,7,17,18,-1,19,20,21,-1,21,20,22,-1,23,6,24,-1,24,6,2,-1,23,25,6,-1,6,25,26,-1,6,26,7,-1,7,26,27,-1,7,27,16,-1,28,29,30,-1,30,29,24,-1,30,24,31,-1,31,24,2,-1,31,2,32,-1,28,33,29,-1,29,33,34,-1,29,34,35,-1,35,36,29,-1,29,36,37,-1,29,37,38,-1,38,39,29,-1,29,39,40,-1,29,40,41,-1,42,43,44,-1,44,43,45,-1,41,46,29,-1,29,46,43,-1,29,43,47,-1,47,43,42,-1,48,49,50,-1,50,49,1,-1,1,49,51,-1,1,51,2,-1,2,51,52,-1,2,52,32,-1,53,54,55,-1,18,17,56,-1,56,17,57,-1,56,57,58,-1,58,59,56,-1,56,59,60,-1,56,60,61,-1,54,62,55,-1,55,62,63,-1,55,63,64,-1,61,65,56,-1,56,65,66,-1,56,66,55,-1,55,66,67,-1,55,67,53,-1,68,69,70,-1,70,69,71,-1,72,73,74,-1,75,72,76,-1,76,72,77,-1,77,72,74,-1,77,74,78,-1,78,74,50,-1,78,50,79,-1,79,50,1,-1,79,1,80,-1,80,1,0,-1,80,0,81,-1,73,82,83,-1,83,82,75,-1,83,75,3,-1,3,75,76,-1,74,84,50,-1,50,84,55,-1,50,55,48,-1,48,55,64,-1,85,86,10,-1,87,88,89,-1,10,86,90,-1,90,86,91,-1,90,91,92,-1,89,85,87,-1,87,85,10,-1,87,10,93,-1,93,10,12,-1,93,12,92,-1,92,12,94,-1,92,94,90,-1,90,94,70,-1,95,96,90,-1,90,96,97,-1,90,97,98,-1,68,99,100,-1,100,99,101,-1,100,101,71,-1,71,101,102,-1,71,102,70,-1,70,102,103,-1,70,103,90,-1,90,103,104,-1,90,104,95,-1,105,106,10,-1,10,106,107,-1,10,107,108,-1,108,109,10,-1,10,109,110,-1,10,110,8,-1,8,110,111,-1,8,111,104,-1,104,111,112,-1,104,112,95,-1,98,113,90,-1,90,113,114,-1,90,114,115,-1,115,116,90,-1,90,116,117,-1,90,117,10,-1,10,117,118,-1,10,118,105,-1,102,81,103,-1,103,81,0,-1,103,0,104,-1,104,0,2,-1,104,2,119,-1,119,120,104,-1,104,120,121,-1,104,121,8,-1,8,121,122,-1,8,122,6,-1,6,122,123,-1,6,123,2,-1,2,123,124,-1,2,124,119,-1,125,126,127,-1,127,126,121,-1,127,121,128,-1,128,121,120,-1,128,120,129,-1,129,120,130,-1,55,131,56,-1,56,131,132,-1,56,132,133,-1,134,131,135,-1,135,131,55,-1,135,55,136,-1,136,55,84,-1,136,84,133,-1,133,84,21,-1,133,21,56,-1,56,21,22,-1,56,22,18,-1,68,70,99,-1,99,70,94,-1,99,94,137,-1,137,94,12,-1,137,12,138,-1,138,12,14,-1,138,14,139,-1,73,83,74,-1,74,83,140,-1,74,140,84,-1,84,140,141,-1,84,141,21,-1,21,141,142,-1,21,142,19,-1,3,5,83,-1,83,5,143,-1,83,143,140,-1,140,143,144,-1,140,144,141,-1,141,144,145,-1,141,145,142,-1,15,146,14,-1,14,146,147,-1,14,147,139,-1,148,149,150,-1,150,149,151,-1,150,151,152,-1,152,151,153,-1,154,155,156,-1,156,155,157,-1,156,157,158,-1,158,157,159,-1,160,101,99,-1,149,148,161,-1,161,148,162,-1,161,162,160,-1,160,162,163,-1,160,163,101,-1,139,147,138,-1,138,147,160,-1,138,160,137,-1,137,160,99,-1,145,164,142,-1,142,164,165,-1,142,165,19,-1,19,165,20,-1,159,157,166,-1,166,157,167,-1,166,167,168,-1,168,167,169,-1,164,145,169,-1,169,145,144,-1,169,144,143,-1,143,5,169,-1,169,5,4,-1,169,4,168,-1,170,171,172,-1,166,173,174,-1,172,175,168,-1,168,175,176,-1,176,177,168,-1,168,177,178,-1,168,178,179,-1,180,181,182,-1,182,181,183,-1,182,183,184,-1,171,185,172,-1,172,185,186,-1,172,186,175,-1,179,187,168,-1,168,187,188,-1,168,188,166,-1,166,188,189,-1,166,189,173,-1,174,190,166,-1,166,190,191,-1,166,191,182,-1,182,191,192,-1,182,192,180,-1,184,193,182,-1,182,193,194,-1,182,194,172,-1,172,194,195,-1,172,195,170,-1,3,76,196,-1,168,197,198,-1,168,199,200,-1,168,200,172,-1,172,200,201,-1,172,201,202,-1,203,4,204,-1,204,4,3,-1,204,3,205,-1,205,3,196,-1,198,206,168,-1,168,206,207,-1,168,207,199,-1,203,208,4,-1,4,208,209,-1,4,209,168,-1,168,209,210,-1,168,210,197,-1,211,212,76,-1,76,212,213,-1,76,213,196,-1,172,214,215,-1,202,216,172,-1,172,216,217,-1,172,217,214,-1,215,218,76,-1,76,218,219,-1,76,219,211,-1,163,220,221,-1,222,223,163,-1,163,223,224,-1,224,225,163,-1,163,225,226,-1,163,226,227,-1,228,229,230,-1,230,229,231,-1,230,231,232,-1,233,234,163,-1,227,235,163,-1,163,235,236,-1,163,236,220,-1,237,238,172,-1,239,240,182,-1,182,240,241,-1,182,241,162,-1,162,241,242,-1,162,242,243,-1,234,244,163,-1,163,244,245,-1,163,245,222,-1,232,246,230,-1,230,246,247,-1,230,247,248,-1,248,247,249,-1,248,249,250,-1,250,249,251,-1,250,251,223,-1,223,251,252,-1,223,252,224,-1,253,254,182,-1,182,254,229,-1,243,255,162,-1,162,255,256,-1,162,256,257,-1,221,258,163,-1,163,258,259,-1,163,259,172,-1,172,259,260,-1,172,260,237,-1,228,261,229,-1,229,261,262,-1,229,262,182,-1,182,262,263,-1,182,263,239,-1,264,265,182,-1,182,265,266,-1,182,266,253,-1,257,267,162,-1,162,267,268,-1,162,268,163,-1,163,268,269,-1,163,269,233,-1,238,270,172,-1,172,270,271,-1,172,271,272,-1,272,273,172,-1,172,273,274,-1,172,274,182,-1,182,274,275,-1,182,275,264,-1,101,276,102,-1,102,276,277,-1,278,279,172,-1,172,279,280,-1,172,280,281,-1,282,163,283,-1,283,163,284,-1,101,285,286,-1,281,287,172,-1,172,287,288,-1,172,288,163,-1,163,288,289,-1,163,289,284,-1,282,290,163,-1,163,290,291,-1,163,291,101,-1,101,291,292,-1,101,292,285,-1,286,293,101,-1,101,293,294,-1,101,294,276,-1,277,295,102,-1,102,295,296,-1,102,296,81,-1,81,296,297,-1,81,297,80,-1,80,297,298,-1,215,76,172,-1,172,76,77,-1,172,77,78,-1,278,172,299,-1,299,172,78,-1,299,78,298,-1,298,78,79,-1,298,79,80,-1,150,300,148,-1,148,300,301,-1,302,182,301,-1,301,182,162,-1,301,162,148,-1,152,153,303,-1,303,153,304,-1,305,158,159,-1,154,156,306,-1,306,156,307,-1,305,159,308,-1,308,159,166,-1,308,166,309,-1,304,306,303,-1,303,306,307,-1,303,307,302,-1,302,307,309,-1,302,309,182,-1,182,309,166,-1,310,22,165,-1,165,22,20,-1,13,311,15,-1,15,311,146,-1,312,313,147,-1,312,147,314,-1,313,315,147,-1,147,315,316,-1,147,316,160,-1,146,311,147,-1,147,311,317,-1,147,317,314,-1,149,318,319,-1,161,320,149,-1,149,320,321,-1,149,321,318,-1,322,151,323,-1,323,151,149,-1,323,149,324,-1,324,149,319,-1,322,304,151,-1,151,304,153,-1,306,325,154,-1,154,325,155,-1,326,157,327,-1,327,157,328,-1,326,329,157,-1,157,329,330,-1,157,330,167,-1,155,325,157,-1,157,325,331,-1,157,331,328,-1,164,332,333,-1,169,334,164,-1,164,334,335,-1,164,335,332,-1,310,165,336,-1,336,165,164,-1,336,164,337,-1,337,164,333,-1,18,22,310,-1,306,304,325,-1,325,304,322,-1,336,331,310,-1,310,331,325,-1,310,325,311,-1,311,325,322,-1,311,322,317,-1,317,322,323,-1,13,11,311,-1,311,11,9,-1,311,9,310,-1,310,9,7,-1,310,7,18,-1,317,323,324,-1,317,324,314,-1,314,324,319,-1,314,319,312,-1,312,319,318,-1,312,318,313,-1,313,318,321,-1,313,321,315,-1,315,321,320,-1,315,320,316,-1,316,320,161,-1,316,161,160,-1,331,336,337,-1,331,337,328,-1,328,337,333,-1,328,333,327,-1,327,333,332,-1,327,332,326,-1,326,332,335,-1,326,335,329,-1,329,335,334,-1,329,334,330,-1,330,334,169,-1,330,169,167,-1,
        ]
    }
}
Shape{
    appearance Appearance {
        material  Material 	{
            diffuseColor 0.8509803921568627 0.8509803921568627 0.8509803921568627
            specularColor 0.4235294117647059 0.4235294117647059 0.4235294117647059
            ambientIntensity 0.851
            transparency 0.0
            shininess 0.5
        }
    }
    geometry IndexedFaceSet {
        ccw TRUE
        solid FALSE
        coord DEF co Coordinate {
            point [
                -1.0236 -0.4429 0.3937, -0.748 -0.4429 0.3937, -1.0236 -0.4429 -1.2402, -0.748 -0.4429 -1.2402, -1.0189 -0.4429 -1.2758, -0.7665 -0.4429 -1.3091, -0.7884 -0.4429 -1.3376, -0.8169 -0.4429 -1.3595, -0.8502 -0.4429 -1.3733, -0.8858 -0.4429 -1.378, -0.7527 -0.4429 -1.2758, -0.9215 -0.4429 -1.3733, -0.9547 -0.4429 -1.3595, -0.9833 -0.4429 -1.3376, -1.0052 -0.4429 -1.3091, -1.0236 -0.561 -1.2402, -1.0236 -0.561 0.3937, -0.748 -0.561 0.3937, -0.748 -0.561 -1.2402, -0.7527 -0.561 -1.2758, -1.0052 -0.561 -1.3091, -0.9833 -0.561 -1.3376, -0.9547 -0.561 -1.3595, -0.8169 -0.561 -1.3595, -0.8502 -0.561 -1.3733, -0.8858 -0.561 -1.378, -0.7884 -0.561 -1.3376, -0.7665 -0.561 -1.3091, -1.0189 -0.561 -1.2758, -0.9215 -0.561 -1.3733, -1.0236 0.4534 2.9134, -0.748 0.4534 2.9134, -1.0236 0.1004 2.9134, -0.748 0.1004 2.9134, -0.748 0.4534 3.0315, -1.0236 0.4534 3.0315, -0.748 -0.3553 3.0315, -0.748 -0.3553 2.9134, -1.0236 -0.3553 3.0315, -1.0236 -0.3553 2.9134, -0.748 -0.4452 3.0108, -0.748 -0.4014 3.0263, -0.748 -0.4844 2.9859, -0.748 -0.517 2.9529, -0.748 -0.5414 2.9134, -1.0236 -0.5414 2.9134, -1.0236 -0.517 2.9529, -1.0236 -0.4844 2.9859, -1.0236 -0.4452 3.0108, -1.0236 -0.4014 3.0263, 0.748 -0.561 -1.2402, 0.748 -0.561 0.3937, 0.748 -0.4429 -1.2402, 0.748 -0.4429 0.3937, 1.0236 -0.561 0.3937, 1.0236 -0.561 -1.2402, 1.0189 -0.561 -1.2758, 0.7665 -0.561 -1.3091, 0.7884 -0.561 -1.3376, 0.8169 -0.561 -1.3595, 0.8502 -0.561 -1.3733, 0.8858 -0.561 -1.378, 0.7527 -0.561 -1.2758, 0.9215 -0.561 -1.3733, 0.9547 -0.561 -1.3595, 0.9833 -0.561 -1.3376, 1.0052 -0.561 -1.3091, 1.0236 -0.4429 -1.2402, 1.0236 -0.4429 0.3937, 0.7527 -0.4429 -1.2758, 1.0052 -0.4429 -1.3091, 0.9833 -0.4429 -1.3376, 0.9547 -0.4429 -1.3595, 0.8169 -0.4429 -1.3595, 0.8502 -0.4429 -1.3733, 0.8858 -0.4429 -1.378, 0.7884 -0.4429 -1.3376, 0.7665 -0.4429 -1.3091, 1.0189 -0.4429 -1.2758, 0.9215 -0.4429 -1.3733, 0.748 0.4534 2.9134, 1.0236 0.4534 2.9134, 0.748 0.1004 2.9134, 1.0236 0.1004 2.9134, 0.748 0.4534 3.0315, 1.0236 0.4534 3.0315, 1.0236 -0.3553 3.0315, 1.0236 -0.3553 2.9134, 0.748 -0.3553 3.0315, 0.748 -0.3553 2.9134, 1.0236 -0.4452 3.0108, 1.0236 -0.4014 3.0263, 1.0236 -0.4844 2.9859, 1.0236 -0.517 2.9529, 1.0236 -0.5414 2.9134, 0.748 -0.5414 2.9134, 0.748 -0.517 2.9529, 0.748 -0.4844 2.9859, 0.748 -0.4452 3.0108, 0.748 -0.4014 3.0263
            ]
        }
        coordIndex [
            0,1,2,-1,2,1,3,-1,2,3,4,-1,5,6,7,-1,7,8,5,-1,5,8,9,-1,5,9,10,-1,10,9,3,-1,3,9,11,-1,3,11,12,-1,12,13,3,-1,3,13,14,-1,3,14,4,-1,15,16,2,-1,2,16,0,-1,17,16,18,-1,18,16,15,-1,18,15,19,-1,20,21,22,-1,23,15,24,-1,24,15,25,-1,23,26,15,-1,15,26,27,-1,15,27,19,-1,15,28,25,-1,25,28,20,-1,25,20,29,-1,29,20,22,-1,3,1,18,-1,18,1,17,-1,30,31,32,-1,32,31,33,-1,34,31,35,-1,35,31,30,-1,36,37,34,-1,34,37,33,-1,34,33,31,-1,36,34,38,-1,38,34,35,-1,39,38,32,-1,32,38,35,-1,32,35,30,-1,40,37,41,-1,41,37,36,-1,40,42,37,-1,37,42,43,-1,37,43,44,-1,45,44,43,-1,45,43,46,-1,46,43,42,-1,46,42,47,-1,47,42,40,-1,47,40,48,-1,48,40,41,-1,48,41,49,-1,49,41,36,-1,49,36,38,-1,45,46,39,-1,39,46,47,-1,47,48,39,-1,39,48,49,-1,39,49,38,-1,50,51,52,-1,52,51,53,-1,54,51,55,-1,55,51,50,-1,55,50,56,-1,57,58,59,-1,59,60,57,-1,57,60,61,-1,57,61,62,-1,62,61,50,-1,50,61,63,-1,50,63,64,-1,64,65,50,-1,50,65,66,-1,50,66,56,-1,67,68,55,-1,55,68,54,-1,53,68,52,-1,52,68,67,-1,52,67,69,-1,70,71,72,-1,73,67,74,-1,74,67,75,-1,73,76,67,-1,67,76,77,-1,67,77,69,-1,67,78,75,-1,75,78,70,-1,75,70,79,-1,79,70,72,-1,80,81,82,-1,82,81,83,-1,84,85,80,-1,80,85,81,-1,86,87,85,-1,85,87,83,-1,85,83,81,-1,86,85,88,-1,88,85,84,-1,89,88,82,-1,82,88,84,-1,82,84,80,-1,90,87,91,-1,91,87,86,-1,90,92,87,-1,87,92,93,-1,87,93,94,-1,95,94,93,-1,95,93,96,-1,96,93,92,-1,96,92,97,-1,97,92,90,-1,97,90,98,-1,98,90,91,-1,98,91,99,-1,99,91,86,-1,99,86,88,-1,95,96,89,-1,89,96,97,-1,97,98,89,-1,89,98,99,-1,89,99,88,-1,3,18,19,-1,3,19,10,-1,10,19,27,-1,10,27,5,-1,5,27,26,-1,5,26,6,-1,6,26,23,-1,6,23,7,-1,7,23,24,-1,7,24,8,-1,8,24,25,-1,8,25,9,-1,15,2,4,-1,15,4,28,-1,28,4,14,-1,28,14,20,-1,20,14,13,-1,20,13,21,-1,21,13,12,-1,21,12,22,-1,22,12,11,-1,22,11,29,-1,29,11,9,-1,29,9,25,-1,67,55,56,-1,67,56,78,-1,78,56,66,-1,78,66,70,-1,70,66,65,-1,70,65,71,-1,71,65,64,-1,71,64,72,-1,72,64,63,-1,72,63,79,-1,79,63,61,-1,79,61,75,-1,50,52,69,-1,50,69,62,-1,62,69,77,-1,62,77,57,-1,57,77,76,-1,57,76,58,-1,58,76,73,-1,58,73,59,-1,59,73,74,-1,59,74,60,-1,60,74,75,-1,60,75,61,-1,
        ]
    }
}
Shape{
    appearance Appearance {
        material  Material 	{
            diffuseColor 1.0 1.0 1.0
            specularColor 0.8784313725490196 0.8784313725490196 0.8784313725490196
            ambientIntensity 1.0
            transparency 0.0
            shininess 0.5
        }
    }
    geometry IndexedFaceSet {
        ccw TRUE
        solid FALSE
        coord DEF co Coordinate {
            point [
                -0.2857 -0.2536 0.3976, -0.2857 -0.232 0.3976, -0.2857 -0.2536 0.3937, -0.2857 -0.232 0.3937, -0.3865 -0.232 0.3976, -0.3865 -0.232 0.3937, -0.3865 -0.4288 0.3976, -0.3865 -0.4288 0.3937, -0.3601 -0.4288 0.3976, -0.3601 -0.4288 0.3937, -0.3601 -0.2536 0.3976, -0.3601 -0.2536 0.3937, -0.1224 -0.2638 0.3976, -0.1224 -0.2422 0.3976, -0.1224 -0.2638 0.3937, -0.1224 -0.2422 0.3937, -0.1434 -0.2336 0.3976, -0.1766 -0.2296 0.3976, -0.1766 -0.2296 0.3937, -0.1712 -0.2297 0.3937, -0.1712 -0.2297 0.3976, -0.1633 -0.2308 0.3937, -0.1434 -0.2336 0.3937, -0.2689 -0.3267 0.3976, -0.2689 -0.3267 0.3937, -0.2669 -0.3037 0.3937, -0.2669 -0.3037 0.3976, -0.2608 -0.2826 0.3937, -0.2608 -0.2826 0.3976, -0.2503 -0.2641 0.3937, -0.2503 -0.2641 0.3976, -0.2359 -0.2489 0.3937, -0.2359 -0.2489 0.3976, -0.2199 -0.2387 0.3937, -0.2199 -0.2387 0.3976, -0.2008 -0.2321 0.3937, -0.2008 -0.2321 0.3976, -0.1882 -0.2308 0.3937, -0.1688 -0.4312 0.3976, -0.1688 -0.4312 0.3937, -0.1895 -0.4295 0.3976, -0.1827 -0.43 0.3937, -0.1895 -0.4295 0.3937, -0.2111 -0.423 0.3937, -0.2111 -0.423 0.3976, -0.2295 -0.4122 0.3937, -0.2295 -0.4122 0.3976, -0.2467 -0.3957 0.3937, -0.2467 -0.3957 0.3976, -0.2585 -0.3771 0.3937, -0.2585 -0.3771 0.3976, -0.266 -0.3547 0.3937, -0.266 -0.3547 0.3976, -0.1514 -0.43 0.3937, -0.1452 -0.4296 0.3976, -0.1452 -0.4296 0.3937, -0.1224 -0.4234 0.3976, -0.1224 -0.4234 0.3937, -0.1224 -0.397 0.3976, -0.1224 -0.397 0.3937, -0.1685 -0.4096 0.3976, -0.1685 -0.4096 0.3937, -0.1446 -0.4065 0.3937, -0.1446 -0.4065 0.3976, -0.2425 -0.3283 0.3976, -0.2425 -0.3283 0.3937, -0.2416 -0.3431 0.3937, -0.2416 -0.3431 0.3976, -0.2364 -0.3644 0.3937, -0.2364 -0.3644 0.3976, -0.2283 -0.3796 0.3937, -0.2283 -0.3796 0.3976, -0.2165 -0.3928 0.3937, -0.2165 -0.3928 0.3976, -0.2026 -0.4022 0.3937, -0.2026 -0.4022 0.3976, -0.1879 -0.4075 0.3937, -0.1879 -0.4075 0.3976, -0.173 -0.2512 0.3976, -0.173 -0.2512 0.3937, -0.1912 -0.2532 0.3937, -0.1912 -0.2532 0.3976, -0.2057 -0.2586 0.3937, -0.2057 -0.2586 0.3976, -0.2178 -0.2668 0.3937, -0.2178 -0.2668 0.3976, -0.2269 -0.2764 0.3937, -0.2269 -0.2764 0.3976, -0.2351 -0.2901 0.3937, -0.2351 -0.2901 0.3976, -0.2405 -0.307 0.3937, -0.2405 -0.307 0.3976, -0.126 -0.2619 0.3937, -0.126 -0.2619 0.3976, -0.1468 -0.2541 0.3937, -0.1468 -0.2541 0.3976, 0.0216 -0.2536 0.3976, 0.0216 -0.232 0.3976, 0.0216 -0.2536 0.3937, 0.0216 -0.232 0.3937, -0.084 -0.232 0.3976, -0.084 -0.232 0.3937, -0.084 -0.4288 0.3976, -0.084 -0.4288 0.3937, 0.0168 -0.4288 0.3976, 0.0168 -0.4288 0.3937, 0.0168 -0.4072 0.3976, 0.0168 -0.4072 0.3937, -0.0576 -0.4072 0.3976, -0.0576 -0.4072 0.3937, -0.0576 -0.3424 0.3976, -0.0576 -0.3424 0.3937, 0.012 -0.3424 0.3976, 0.012 -0.3424 0.3937, 0.012 -0.3208 0.3976, 0.012 -0.3208 0.3937, -0.0576 -0.3208 0.3976, -0.0576 -0.3208 0.3937, -0.0576 -0.2536 0.3976, -0.0576 -0.2536 0.3937, 0.1135 -0.232 0.3976, 0.06 -0.232 0.3976, 0.1135 -0.232 0.3937, 0.06 -0.232 0.3937, 0.06 -0.4288 0.3976, 0.06 -0.4288 0.3937, 0.1156 -0.4288 0.3976, 0.1156 -0.4288 0.3937, 0.2185 -0.3329 0.3976, 0.2185 -0.3329 0.3937, 0.2181 -0.3426 0.3937, 0.2181 -0.3426 0.3976, 0.2143 -0.3634 0.3937, 0.2143 -0.3634 0.3976, 0.206 -0.3825 0.3937, 0.206 -0.3825 0.3976, 0.1942 -0.3979 0.3937, 0.1942 -0.3979 0.3976, 0.1865 -0.405 0.3937, 0.1865 -0.405 0.3976, 0.1671 -0.4177 0.3937, 0.1671 -0.4177 0.3976, 0.144 -0.4258 0.3937, 0.144 -0.4258 0.3976, 0.1385 -0.2342 0.3937, 0.1385 -0.2342 0.3976, 0.1611 -0.2411 0.3937, 0.1611 -0.2411 0.3976, 0.1815 -0.2531 0.3937, 0.1815 -0.2531 0.3976, 0.1976 -0.2687 0.3937, 0.1976 -0.2687 0.3976, 0.2087 -0.286 0.3937, 0.2087 -0.286 0.3976, 0.2157 -0.3066 0.3937, 0.2157 -0.3066 0.3976, 0.192 -0.3323 0.3976, 0.1904 -0.3519 0.3976, 0.1858 -0.3675 0.3976, 0.179 -0.3796 0.3976, 0.1695 -0.3897 0.3976, 0.1551 -0.399 0.3976, 0.1389 -0.4047 0.3976, 0.1155 -0.4072 0.3976, 0.0864 -0.4072 0.3976, 0.0864 -0.2536 0.3976, 0.1144 -0.2536 0.3976, 0.1352 -0.2555 0.3976, 0.1517 -0.2607 0.3976, 0.165 -0.2686 0.3976, 0.1762 -0.2796 0.3976, 0.1844 -0.293 0.3976, 0.1896 -0.3087 0.3976, 0.1155 -0.4072 0.3937, 0.0864 -0.4072 0.3937, 0.1389 -0.4047 0.3937, 0.1551 -0.399 0.3937, 0.1695 -0.3897 0.3937, 0.179 -0.3796 0.3937, 0.1858 -0.3675 0.3937, 0.1904 -0.3519 0.3937, 0.192 -0.3323 0.3937, 0.1896 -0.3087 0.3937, 0.1844 -0.293 0.3937, 0.1762 -0.2796 0.3937, 0.165 -0.2686 0.3937, 0.1517 -0.2607 0.3937, 0.1352 -0.2555 0.3937, 0.1144 -0.2536 0.3937, 0.0864 -0.2536 0.3937, 0.3337 -0.4288 0.3976, 0.4105 -0.232 0.3976, 0.3337 -0.4288 0.3937, 0.4105 -0.232 0.3937, 0.3817 -0.232 0.3976, 0.3817 -0.232 0.3937, 0.3618 -0.2872 0.3976, 0.3618 -0.2872 0.3937, 0.2805 -0.2872 0.3976, 0.2805 -0.2872 0.3937, 0.2617 -0.232 0.3976, 0.2617 -0.232 0.3937, 0.2329 -0.232 0.3976, 0.2329 -0.232 0.3937, 0.3073 -0.4288 0.3976, 0.3073 -0.4288 0.3937, 0.2871 -0.3088 0.3976, 0.3529 -0.3088 0.3976, 0.3165 -0.391 0.3976, 0.3183 -0.3979 0.3976, 0.3196 -0.4048 0.3976, 0.3203 -0.4048 0.3976, 0.3215 -0.3979 0.3976, 0.3233 -0.391 0.3976, 0.2871 -0.3088 0.3937, 0.3529 -0.3088 0.3937, 0.3165 -0.391 0.3937, 0.3183 -0.3979 0.3937, 0.3196 -0.4048 0.3937, 0.3203 -0.4048 0.3937, 0.3215 -0.3979 0.3937, 0.3233 -0.391 0.3937
            ]
        }
        coordIndex [
            0,1,2,-1,2,1,3,-1,1,4,3,-1,3,4,5,-1,4,6,5,-1,5,6,7,-1,6,8,7,-1,7,8,9,-1,8,10,9,-1,9,10,11,-1,10,0,11,-1,11,0,2,-1,8,6,10,-1,10,6,4,-1,10,4,0,-1,0,4,1,-1,12,13,14,-1,14,13,15,-1,15,13,16,-1,17,18,19,-1,17,19,20,-1,20,19,21,-1,20,21,16,-1,16,21,22,-1,16,22,15,-1,23,24,25,-1,23,25,26,-1,26,25,27,-1,26,27,28,-1,28,27,29,-1,28,29,30,-1,30,29,31,-1,30,31,32,-1,32,31,33,-1,32,33,34,-1,34,33,35,-1,34,35,36,-1,36,35,17,-1,17,35,37,-1,17,37,18,-1,38,39,40,-1,40,39,41,-1,41,42,40,-1,40,42,43,-1,40,43,44,-1,44,43,45,-1,44,45,46,-1,46,45,47,-1,46,47,48,-1,48,47,49,-1,48,49,50,-1,50,49,51,-1,50,51,52,-1,52,51,24,-1,52,24,23,-1,39,38,53,-1,53,38,54,-1,53,54,55,-1,55,54,56,-1,55,56,57,-1,56,58,57,-1,57,58,59,-1,60,61,62,-1,60,62,63,-1,63,62,59,-1,63,59,58,-1,64,65,66,-1,64,66,67,-1,67,66,68,-1,67,68,69,-1,69,68,70,-1,69,70,71,-1,71,70,72,-1,71,72,73,-1,73,72,74,-1,73,74,75,-1,75,74,76,-1,75,76,77,-1,77,76,61,-1,77,61,60,-1,78,79,80,-1,78,80,81,-1,81,80,82,-1,81,82,83,-1,83,82,84,-1,83,84,85,-1,85,84,86,-1,85,86,87,-1,87,86,88,-1,87,88,89,-1,89,88,90,-1,89,90,91,-1,91,90,65,-1,91,65,64,-1,12,14,92,-1,12,92,93,-1,93,92,94,-1,93,94,95,-1,95,94,79,-1,95,79,78,-1,81,17,78,-1,78,17,20,-1,78,20,95,-1,95,20,16,-1,95,16,93,-1,93,16,13,-1,93,13,12,-1,58,56,63,-1,63,56,54,-1,63,54,60,-1,60,54,38,-1,60,38,77,-1,77,38,40,-1,77,40,75,-1,75,40,44,-1,75,44,73,-1,73,44,46,-1,73,46,71,-1,71,46,48,-1,71,48,69,-1,69,48,50,-1,69,50,67,-1,67,50,52,-1,67,52,64,-1,64,52,23,-1,64,23,91,-1,91,23,26,-1,91,26,89,-1,89,26,28,-1,89,28,87,-1,87,28,30,-1,87,30,85,-1,85,30,32,-1,85,32,83,-1,83,32,34,-1,83,34,81,-1,81,34,36,-1,81,36,17,-1,96,97,98,-1,98,97,99,-1,97,100,99,-1,99,100,101,-1,100,102,101,-1,101,102,103,-1,102,104,103,-1,103,104,105,-1,104,106,105,-1,105,106,107,-1,106,108,107,-1,107,108,109,-1,108,110,109,-1,109,110,111,-1,110,112,111,-1,111,112,113,-1,112,114,113,-1,113,114,115,-1,114,116,115,-1,115,116,117,-1,116,118,117,-1,117,118,119,-1,118,96,119,-1,119,96,98,-1,100,97,96,-1,96,118,100,-1,100,118,116,-1,100,116,102,-1,106,104,108,-1,108,104,102,-1,108,102,110,-1,110,102,116,-1,110,116,112,-1,112,116,114,-1,120,121,122,-1,122,121,123,-1,121,124,123,-1,123,124,125,-1,124,126,125,-1,125,126,127,-1,128,129,130,-1,128,130,131,-1,131,130,132,-1,131,132,133,-1,133,132,134,-1,133,134,135,-1,135,134,136,-1,135,136,137,-1,137,136,138,-1,137,138,139,-1,139,138,140,-1,139,140,141,-1,141,140,142,-1,141,142,143,-1,143,142,127,-1,143,127,126,-1,120,122,144,-1,120,144,145,-1,145,144,146,-1,145,146,147,-1,147,146,148,-1,147,148,149,-1,149,148,150,-1,149,150,151,-1,151,150,152,-1,151,152,153,-1,153,152,154,-1,153,154,155,-1,155,154,129,-1,155,129,128,-1,155,128,156,-1,156,128,131,-1,156,131,157,-1,157,131,133,-1,157,133,158,-1,158,133,135,-1,158,135,159,-1,159,135,137,-1,159,137,160,-1,160,137,139,-1,160,139,161,-1,161,139,141,-1,161,141,162,-1,162,141,143,-1,162,143,163,-1,163,143,126,-1,163,126,164,-1,164,126,124,-1,164,124,165,-1,165,124,121,-1,165,121,166,-1,166,121,120,-1,166,120,167,-1,167,120,145,-1,167,145,168,-1,168,145,147,-1,168,147,169,-1,169,147,149,-1,169,149,170,-1,170,149,151,-1,170,151,171,-1,171,151,153,-1,171,153,172,-1,172,153,155,-1,172,155,156,-1,163,164,173,-1,173,164,174,-1,163,173,175,-1,163,175,162,-1,162,175,176,-1,162,176,161,-1,161,176,177,-1,161,177,160,-1,160,177,178,-1,160,178,159,-1,159,178,179,-1,159,179,158,-1,158,179,180,-1,158,180,157,-1,157,180,181,-1,157,181,156,-1,156,181,182,-1,156,182,172,-1,172,182,183,-1,172,183,171,-1,171,183,184,-1,171,184,170,-1,170,184,185,-1,170,185,169,-1,169,185,186,-1,169,186,168,-1,168,186,187,-1,168,187,167,-1,167,187,188,-1,167,188,166,-1,165,166,189,-1,189,166,188,-1,164,165,174,-1,174,165,189,-1,190,191,192,-1,192,191,193,-1,191,194,193,-1,193,194,195,-1,194,196,195,-1,195,196,197,-1,196,198,197,-1,197,198,199,-1,198,200,199,-1,199,200,201,-1,200,202,201,-1,201,202,203,-1,202,204,203,-1,203,204,205,-1,204,190,205,-1,205,190,192,-1,206,198,207,-1,207,198,196,-1,208,204,206,-1,206,204,202,-1,206,202,198,-1,198,202,200,-1,208,209,204,-1,204,209,210,-1,204,210,190,-1,190,210,211,-1,190,211,212,-1,212,213,190,-1,190,213,207,-1,190,207,191,-1,191,207,196,-1,191,196,194,-1,206,207,214,-1,214,207,215,-1,208,206,216,-1,216,206,214,-1,208,216,217,-1,208,217,209,-1,209,217,218,-1,209,218,210,-1,211,210,219,-1,219,210,218,-1,211,219,220,-1,211,220,212,-1,212,220,221,-1,212,221,213,-1,207,213,215,-1,215,213,221,-1,
        ]
    }
}
Shape{
    appearance Appearance {
        material  Material 	{
            diffuseColor 0.2235294117647059 0.2235294117647059 0.2235294117647059
            specularColor 0.11372549019607843 0.11372549019607843 0.11372549019607843
            ambientIntensity 0.2235
            transparency 0.0
            shininess 0.5
        }
    }
    geometry IndexedFaceSet {
        ccw TRUE
        solid FALSE
        coord DEF co Coordinate {
            point [
                0.0864 -0.4072 0.3937, 0.0864 -0.2536 0.3937, 0.1155 -0.4072 0.3937, 0.1144 -0.2536 0.3937, 0.1896 -0.3087 0.3937, 0.192 -0.3323 0.3937, 0.1904 -0.3519 0.3937, 0.1858 -0.3675 0.3937, 0.1389 -0.4047 0.3937, 0.1352 -0.2555 0.3937, 0.1517 -0.2607 0.3937, 0.165 -0.2686 0.3937, 0.179 -0.3796 0.3937, 0.1695 -0.3897 0.3937, 0.1551 -0.399 0.3937, 0.1762 -0.2796 0.3937, 0.1844 -0.293 0.3937, 0.2871 -0.3088 0.3937, 0.3529 -0.3088 0.3937, 0.3165 -0.391 0.3937, 0.3233 -0.391 0.3937, 0.3183 -0.3979 0.3937, 0.3215 -0.3979 0.3937, 0.3196 -0.4048 0.3937, 0.3203 -0.4048 0.3937
            ]
        }
        coordIndex [
            0,1,2,-1,2,1,3,-1,4,5,2,-1,5,6,2,-1,2,6,7,-1,2,7,8,-1,3,9,2,-1,2,9,10,-1,2,10,11,-1,12,13,7,-1,7,13,14,-1,7,14,8,-1,11,15,2,-1,2,15,16,-1,2,16,4,-1,17,18,19,-1,19,18,20,-1,19,20,21,-1,21,20,22,-1,21,22,23,-1,23,22,24,-1,
        ]
    }
}
Shape{
    appearance Appearance {
        material  Material 	{
            diffuseColor 1.0 0.8196078431372549 0.15294117647058825
            specularColor 0.5019607843137255 0.4117647058823529 0.0784313725490196
            ambientIntensity 0.7975
            transparency 0.0
            shininess 0.5
        }
    }
    geometry IndexedFaceSet {
        ccw TRUE
        solid FALSE
        coord DEF co Coordinate {
            point [
                -0.0503 -1.7224 2.2619, 0.0 -1.2697 2.2638, -0.1387 -1.2697 2.2497, -0.2711 -1.7224 2.2066, -0.2461 -1.7224 2.2183, -0.2717 -1.2697 2.2079, -0.1498 -1.7224 2.2473, -0.1386 -1.7224 2.249, -0.3372 -1.7224 2.1756, -0.3936 -1.2697 2.1403, -0.3927 -1.7224 2.1389, -0.4211 -1.7224 2.1201, -0.4994 -1.2697 2.0495, -0.496 -1.7224 2.053, -0.5847 -1.2697 1.9392, -0.5603 -1.7224 1.9757, -0.4991 -1.7224 2.0493, -0.6461 -1.2697 1.8141, -0.6127 -1.7224 1.8898, -0.5832 -1.7224 1.9383, -0.6798 -1.7224 1.679, -0.6775 -1.7224 1.6999, -0.681 -1.2697 1.6791, -0.6521 -1.7224 1.7973, -0.6451 -1.7224 1.8137, -0.6885 -1.7224 1.6, -0.6881 -1.2697 1.5399, -0.6863 -1.7224 1.54, -0.6848 -1.7224 1.4995, -0.667 -1.2697 1.4021, -0.6669 -1.7224 1.4021, -0.6666 -1.7224 1.4005, -0.6186 -1.2697 1.2714, -0.6341 -1.7224 1.3053, -0.5448 -1.2697 1.1531, -0.5881 -1.7224 1.2159, -0.617 -1.7224 1.2722, -0.4482 -1.7224 1.0528, -0.4598 -1.7224 1.0617, -0.4488 -1.2697 1.052, -0.5296 -1.7224 1.1341, -0.5437 -1.7224 1.1539, -0.3802 -1.7224 1.0002, -0.3344 -1.2697 0.9724, -0.3335 -1.7224 0.974, -0.2924 -1.7224 0.951, -0.2063 -1.2697 0.9174, -0.2061 -1.7224 0.9179, -0.1985 -1.7224 0.915, -0.0697 -1.2697 0.8894, -0.1003 -1.7224 0.8932, 0.2061 -1.7224 0.9179, 0.1985 -1.7224 0.915, 0.2063 -1.2697 0.9174, 0.1003 -1.7224 0.8932, 0.0697 -1.2697 0.8894, 0.0696 -1.7224 0.8909, 0.0 -1.2697 0.8858, 0.0 -1.7224 0.8858, -0.0696 -1.7224 0.8909, 0.2924 -1.7224 0.951, 0.3344 -1.2697 0.9724, 0.3335 -1.7224 0.974, 0.3802 -1.7224 1.0002, 0.4488 -1.2697 1.052, 0.4482 -1.7224 1.0528, 0.4598 -1.7224 1.0617, 0.5448 -1.2697 1.1531, 0.5296 -1.7224 1.1341, 0.6186 -1.2697 1.2714, 0.5881 -1.7224 1.2159, 0.5437 -1.7224 1.1539, 0.6666 -1.7224 1.4005, 0.6341 -1.7224 1.3053, 0.617 -1.7224 1.2722, 0.6669 -1.7224 1.4021, 0.667 -1.2697 1.4021, 0.6848 -1.7224 1.4995, 0.6881 -1.2697 1.5399, 0.6863 -1.7224 1.54, 0.6885 -1.7224 1.6, 0.681 -1.2697 1.6791, 0.6798 -1.7224 1.679, 0.6775 -1.7224 1.6999, 0.6461 -1.2697 1.8141, 0.6521 -1.7224 1.7973, 0.5847 -1.2697 1.9392, 0.6127 -1.7224 1.8898, 0.6451 -1.7224 1.8137, 0.4994 -1.2697 2.0495, 0.5603 -1.7224 1.9757, 0.5832 -1.7224 1.9383, 0.3927 -1.7224 2.1389, 0.4211 -1.7224 2.1201, 0.3936 -1.2697 2.1403, 0.496 -1.7224 2.053, 0.4991 -1.7224 2.0493, 0.3372 -1.7224 2.1756, 0.2717 -1.2697 2.2079, 0.2711 -1.7224 2.2066, 0.2461 -1.7224 2.2183, 0.1387 -1.2697 2.2497, 0.1498 -1.7224 2.2473, 0.0 -1.7224 2.2619, 0.0503 -1.7224 2.2619, 0.1386 -1.7224 2.249, 0.2362 -1.7815 1.8701, 0.225 -1.7815 2.1632, 0.137 -1.7815 2.1897, -0.4204 -1.7815 1.1057, -0.278 -1.7815 1.2968, -0.4842 -1.7815 1.1719, -0.2874 -1.7815 1.3091, -0.5377 -1.7815 1.2467, -0.2933 -1.7815 1.3233, -0.5797 -1.7815 1.3284, -0.2953 -1.7815 1.3386, -0.6094 -1.7815 1.4155, 0.3083 -1.7815 2.1241, 0.2515 -1.7815 1.8681, 0.385 -1.7815 2.0734, 0.2657 -1.7815 1.8622, 0.4535 -1.7815 2.012, 0.278 -1.7815 1.8528, 0.5123 -1.7815 1.9413, 0.2874 -1.7815 1.8406, 0.5602 -1.7815 1.8628, -0.2674 -1.7815 1.0044, -0.2362 -1.7815 1.2795, -0.3476 -1.7815 1.0495, -0.2515 -1.7815 1.2815, -0.2657 -1.7815 1.2874, -0.2362 -1.7815 1.8701, -0.225 -1.7815 2.1632, -0.2515 -1.7815 1.8681, -0.3083 -1.7815 2.1241, -0.2657 -1.7815 1.8622, -0.385 -1.7815 2.0734, -0.278 -1.7815 1.8528, -0.4535 -1.7815 2.012, -0.2874 -1.7815 1.8406, -0.5123 -1.7815 1.9413, -0.2933 -1.7815 1.8263, -0.5602 -1.7815 1.8628, -0.2953 -1.7815 1.811, -0.5962 -1.7815 1.7782, 0.046 -1.7815 2.203, -0.046 -1.7815 2.203, -0.137 -1.7815 2.1897, 0.4204 -1.7815 1.1057, 0.2657 -1.7815 1.2874, 0.3476 -1.7815 1.0495, 0.2515 -1.7815 1.2815, 0.2674 -1.7815 1.0044, 0.2362 -1.7815 1.2795, 0.1815 -1.7815 0.9716, 0.0917 -1.7815 0.9516, 0.2933 -1.7815 1.8263, 0.2953 -1.7815 1.811, 0.5962 -1.7815 1.7782, 0.6194 -1.7815 1.6892, 0.5797 -1.7815 1.3284, 0.2953 -1.7815 1.3386, 0.5377 -1.7815 1.2467, 0.2933 -1.7815 1.3233, 0.4842 -1.7815 1.1719, 0.2874 -1.7815 1.3091, 0.278 -1.7815 1.2968, -0.6194 -1.7815 1.6892, -0.6295 -1.7815 1.5978, -0.6261 -1.7815 1.5059, -0.1815 -1.7815 0.9716, -0.0917 -1.7815 0.9516, 0.0 -1.7815 0.9449, 0.6094 -1.7815 1.4155, 0.6261 -1.7815 1.5059, 0.6295 -1.7815 1.5978, 0.2953 -2.2146 1.811, 0.2953 -2.2146 1.3386, -0.2362 -2.2146 1.8701, 0.2362 -2.2146 1.8701, -0.2953 -2.2146 1.811, -0.2953 -2.2146 1.3386, 0.2362 -2.2146 1.2795, -0.2362 -2.2146 1.2795, 0.5512 -2.8642 2.0669, 0.5512 -2.8642 1.0827, 0.5512 -2.2146 2.0669, 0.5512 -2.2146 1.0827, 0.4921 -2.2146 2.126, -0.4921 -2.2146 2.126, 0.4921 -2.8642 2.126, -0.4921 -2.8642 2.126, -0.5512 -2.2146 2.0669, -0.5512 -2.2146 1.0827, -0.5512 -2.8642 2.0669, -0.5512 -2.8642 1.0827, 0.4921 -2.8642 1.0236, -0.4921 -2.8642 1.0236, 0.4921 -2.2146 1.0236, -0.4921 -2.2146 1.0236, 0.4921 -2.9232 1.0827, 0.4921 -2.9232 2.0669, -0.4921 -2.9232 1.0827, -0.4921 -2.9232 2.0669, 0.2657 -2.2146 1.8622, 0.2515 -2.2146 1.8681, 0.5433 -2.2146 1.0532, 0.5339 -2.2146 1.0409, 0.278 -2.2146 1.2968, -0.2515 -2.2146 1.8681, -0.2657 -2.2146 1.8622, -0.5074 -2.2146 2.124, -0.278 -2.2146 1.8528, -0.5433 -2.2146 2.0965, -0.5339 -2.2146 2.1087, -0.5217 -2.2146 2.1181, -0.278 -2.2146 1.2968, -0.2657 -2.2146 1.2874, 0.5217 -2.2146 2.1181, 0.5339 -2.2146 2.1087, 0.278 -2.2146 1.8528, -0.2874 -2.2146 1.8406, -0.2933 -2.2146 1.8263, -0.5074 -2.2146 1.0256, -0.5217 -2.2146 1.0315, -0.5339 -2.2146 1.0409, 0.2874 -2.2146 1.3091, 0.5492 -2.2146 1.0674, -0.5492 -2.2146 2.0822, -0.2933 -2.2146 1.3233, -0.2874 -2.2146 1.3091, -0.5492 -2.2146 1.0674, -0.5433 -2.2146 1.0532, 0.2933 -2.2146 1.3233, 0.2933 -2.2146 1.8263, 0.2874 -2.2146 1.8406, 0.5492 -2.2146 2.0822, 0.5433 -2.2146 2.0965, 0.5217 -2.2146 1.0315, 0.5074 -2.2146 1.0256, 0.2657 -2.2146 1.2874, 0.2515 -2.2146 1.2815, 0.5074 -2.2146 2.124, -0.2515 -2.2146 1.2815, -0.5074 -2.8642 2.124, -0.5217 -2.8642 2.1181, -0.5339 -2.8642 2.1087, -0.5433 -2.8642 2.0965, -0.5492 -2.8642 2.0822, -0.4921 -2.8795 2.124, 0.4921 -2.8795 2.124, -0.4921 -2.8937 2.1181, 0.4921 -2.8937 2.1181, -0.4921 -2.9059 2.1087, 0.4921 -2.9059 2.1087, -0.4921 -2.9153 2.0965, 0.4921 -2.9153 2.0965, -0.4921 -2.9212 2.0822, 0.4921 -2.9212 2.0822, 0.5492 -2.8642 2.0822, 0.5433 -2.8642 2.0965, 0.5339 -2.8642 2.1087, 0.5217 -2.8642 2.1181, 0.5074 -2.8642 2.124, -0.5069 -2.9193 2.0822, -0.5069 -2.8897 2.1181, -0.4998 -2.8774 2.124, -0.5029 -2.875 2.124, -0.5069 -2.8681 2.124, -0.4961 -2.8789 2.124, -0.4998 -2.8927 2.1181, -0.5029 -2.9045 2.1087, -0.513 -2.8851 2.1181, -0.5054 -2.8718 2.124, -0.5177 -2.8789 2.1181, -0.5206 -2.8718 2.1181, -0.513 -2.9003 2.1087, -0.5217 -2.8937 2.1087, -0.5283 -2.8851 2.1087, -0.5325 -2.875 2.1087, -0.5054 -2.9136 2.0965, -0.5177 -2.9085 2.0965, -0.5283 -2.9003 2.0965, -0.5364 -2.8897 2.0965, -0.5415 -2.8774 2.0965, -0.5206 -2.9136 2.0822, -0.5325 -2.9045 2.0822, -0.5415 -2.8927 2.0822, -0.5472 -2.8789 2.0822, -0.5074 -2.9212 2.0669, -0.5217 -2.9153 2.0669, -0.5339 -2.9059 2.0669, -0.5433 -2.8937 2.0669, -0.5492 -2.8795 2.0669, 0.5472 -2.8789 2.0822, 0.5177 -2.8789 2.1181, 0.5054 -2.8718 2.124, 0.5029 -2.875 2.124, 0.4961 -2.8789 2.124, 0.5069 -2.8681 2.124, 0.5206 -2.8718 2.1181, 0.5325 -2.875 2.1087, 0.513 -2.8851 2.1181, 0.4998 -2.8774 2.124, 0.5069 -2.8897 2.1181, 0.4998 -2.8927 2.1181, 0.5283 -2.8851 2.1087, 0.5217 -2.8937 2.1087, 0.513 -2.9003 2.1087, 0.5029 -2.9045 2.1087, 0.5415 -2.8774 2.0965, 0.5364 -2.8897 2.0965, 0.5283 -2.9003 2.0965, 0.5177 -2.9085 2.0965, 0.5054 -2.9136 2.0965, 0.5415 -2.8927 2.0822, 0.5325 -2.9045 2.0822, 0.5206 -2.9136 2.0822, 0.5069 -2.9193 2.0822, 0.5492 -2.8795 2.0669, 0.5433 -2.8937 2.0669, 0.5339 -2.9059 2.0669, 0.5217 -2.9153 2.0669, 0.5074 -2.9212 2.0669, -0.5492 -2.8642 1.0674, -0.5433 -2.8642 1.0532, -0.5339 -2.8642 1.0409, -0.5217 -2.8642 1.0315, -0.5074 -2.8642 1.0256, -0.5492 -2.8795 1.0827, -0.5433 -2.8937 1.0827, -0.5339 -2.9059 1.0827, -0.5217 -2.9153 1.0827, -0.5074 -2.9212 1.0827, 0.5492 -2.8795 1.0827, 0.5433 -2.8937 1.0827, 0.5339 -2.9059 1.0827, 0.5217 -2.9153 1.0827, 0.5074 -2.9212 1.0827, 0.5074 -2.8642 1.0256, 0.5217 -2.8642 1.0315, 0.5339 -2.8642 1.0409, 0.5433 -2.8642 1.0532, 0.5492 -2.8642 1.0674, -0.5069 -2.9193 1.0674, -0.5206 -2.9136 1.0674, -0.5054 -2.9136 1.0532, -0.5177 -2.9085 1.0532, -0.5029 -2.9045 1.0409, -0.513 -2.9003 1.0409, -0.4998 -2.8927 1.0315, -0.5069 -2.8897 1.0315, -0.4961 -2.8789 1.0256, -0.4998 -2.8774 1.0256, -0.5325 -2.9045 1.0674, -0.5283 -2.9003 1.0532, -0.5217 -2.8937 1.0409, -0.513 -2.8851 1.0315, -0.5029 -2.875 1.0256, -0.4921 -2.9212 1.0674, -0.4921 -2.9153 1.0532, -0.4921 -2.9059 1.0409, -0.4921 -2.8937 1.0315, -0.4921 -2.8795 1.0256, -0.5415 -2.8927 1.0674, -0.5472 -2.8789 1.0674, -0.5364 -2.8897 1.0532, -0.5415 -2.8774 1.0532, -0.5283 -2.8851 1.0409, -0.5325 -2.875 1.0409, -0.5177 -2.8789 1.0315, -0.5206 -2.8718 1.0315, -0.5054 -2.8718 1.0256, -0.5069 -2.8681 1.0256, 0.5472 -2.8789 1.0674, 0.5415 -2.8927 1.0674, 0.5415 -2.8774 1.0532, 0.5364 -2.8897 1.0532, 0.5325 -2.875 1.0409, 0.5283 -2.8851 1.0409, 0.5206 -2.8718 1.0315, 0.5177 -2.8789 1.0315, 0.5069 -2.8681 1.0256, 0.5054 -2.8718 1.0256, 0.5325 -2.9045 1.0674, 0.5283 -2.9003 1.0532, 0.5217 -2.8937 1.0409, 0.513 -2.8851 1.0315, 0.5029 -2.875 1.0256, 0.5206 -2.9136 1.0674, 0.5069 -2.9193 1.0674, 0.5177 -2.9085 1.0532, 0.5054 -2.9136 1.0532, 0.513 -2.9003 1.0409, 0.5029 -2.9045 1.0409, 0.5069 -2.8897 1.0315, 0.4998 -2.8927 1.0315, 0.4998 -2.8774 1.0256, 0.4961 -2.8789 1.0256, 0.4921 -2.9212 1.0674, 0.4921 -2.9153 1.0532, 0.4921 -2.9059 1.0409, 0.4921 -2.8937 1.0315, 0.4921 -2.8795 1.0256, 0.1 -1.7377 0.8952, 0.2916 -1.7377 0.9528, 0.379 -1.7377 1.0019, 0.5864 -1.7377 1.2169, 0.6828 -1.7377 1.4997, 0.6865 -1.7377 1.5999, 0.6109 -1.7377 1.8889, 0.4945 -1.7377 2.0516, 0.3362 -1.7377 2.1739, 0.0501 -1.7377 2.2599, -0.0501 -1.7377 2.2599, -0.3362 -1.7377 2.1739, -0.5587 -1.7377 1.9745, -0.6109 -1.7377 1.8889, -0.6865 -1.7377 1.5999, -0.6646 -1.7377 1.401, -0.5864 -1.7377 1.2169, -0.379 -1.7377 1.0019, -0.2739 -1.7795 0.9906, -0.1859 -1.7795 0.957, -0.19 -1.7736 0.9433, -0.0939 -1.7795 0.9365, -0.096 -1.7736 0.9224, -0.0978 -1.7642 0.9103, 0.0 -1.7795 0.9296, 0.0 -1.7736 0.9154, 0.0 -1.7642 0.9031, 0.0 -1.752 0.8937, 0.0939 -1.7795 0.9365, 0.096 -1.7736 0.9224, 0.0978 -1.7642 0.9103, 0.0992 -1.752 0.901, -0.0992 -1.752 0.901, -0.1 -1.7377 0.8952, 0.0 -1.7377 0.8878, -0.1979 -1.7377 0.917, -0.1962 -1.752 0.9226, -0.1935 -1.7642 0.9316, -0.2916 -1.7377 0.9528, -0.3758 -1.752 1.0068, -0.2891 -1.752 0.9581, -0.3706 -1.7642 1.0146, -0.2851 -1.7642 0.9666, -0.3639 -1.7736 1.0248, -0.2799 -1.7736 0.9777, -0.356 -1.7795 1.0367, -0.4959 -1.7795 1.1621, -0.5507 -1.7795 1.2387, -0.5069 -1.7736 1.153, -0.5629 -1.7736 1.2313, -0.5163 -1.7642 1.1452, -0.5733 -1.7642 1.2249, -0.5235 -1.752 1.1391, -0.5814 -1.752 1.22, -0.528 -1.7377 1.1354, -0.6413 -1.7795 1.5042, -0.6448 -1.7795 1.5984, -0.6555 -1.7736 1.5027, -0.659 -1.7736 1.5989, -0.6677 -1.7642 1.5013, -0.6712 -1.7642 1.5993, -0.677 -1.752 1.5003, -0.6806 -1.752 1.5997, -0.6828 -1.7377 1.4997, -0.6106 -1.7795 1.7831, -0.5738 -1.7795 1.8698, -0.6241 -1.7736 1.7877, -0.5865 -1.7736 1.8763, -0.6357 -1.7642 1.7917, -0.5974 -1.7642 1.8819, -0.6446 -1.752 1.7947, -0.6057 -1.752 1.8862, -0.6502 -1.7377 1.7966, -0.3943 -1.7795 2.0855, -0.3158 -1.7795 2.1375, -0.403 -1.7736 2.0968, -0.3227 -1.7736 2.1499, -0.4105 -1.7642 2.1064, -0.3287 -1.7642 2.1605, -0.4162 -1.752 2.1139, -0.3333 -1.752 2.1687, -0.4199 -1.7377 2.1185, -0.1403 -1.7795 2.2046, -0.0471 -1.7795 2.2183, -0.1434 -1.7736 2.2185, -0.0481 -1.7736 2.2325, -0.146 -1.7642 2.2304, -0.049 -1.7642 2.2447, -0.1481 -1.752 2.2396, -0.0497 -1.752 2.2541, -0.1494 -1.7377 2.2453, 0.2305 -1.7795 2.1774, 0.3158 -1.7795 2.1375, 0.2356 -1.7736 2.1907, 0.3227 -1.7736 2.1499, 0.2399 -1.7642 2.2022, 0.3287 -1.7642 2.1605, 0.2433 -1.752 2.2109, 0.3333 -1.752 2.1687, 0.2454 -1.7377 2.2164, 0.5247 -1.7795 1.9502, 0.5738 -1.7795 1.8698, 0.5363 -1.7736 1.9585, 0.5865 -1.7736 1.8763, 0.5463 -1.7642 1.9656, 0.5974 -1.7642 1.8819, 0.5539 -1.752 1.9711, 0.6057 -1.752 1.8862, 0.5587 -1.7377 1.9745, 0.6345 -1.7795 1.692, 0.6448 -1.7795 1.5984, 0.6485 -1.7736 1.6946, 0.659 -1.7736 1.5989, 0.6605 -1.7642 1.6968, 0.6712 -1.7642 1.5993, 0.6697 -1.752 1.6985, 0.6806 -1.752 1.5997, 0.6755 -1.7377 1.6996, 0.5938 -1.7795 1.3225, 0.5507 -1.7795 1.2387, 0.6069 -1.7736 1.3169, 0.5629 -1.7736 1.2313, 0.6182 -1.7642 1.3121, 0.5733 -1.7642 1.2249, 0.6268 -1.752 1.3084, 0.5814 -1.752 1.22, 0.6322 -1.7377 1.3061, 0.4306 -1.7795 1.0943, 0.356 -1.7795 1.0367, 0.4401 -1.7736 1.0837, 0.3639 -1.7736 1.0248, 0.4482 -1.7642 1.0746, 0.3706 -1.7642 1.0146, 0.4545 -1.752 1.0676, 0.3758 -1.752 1.0068, 0.4584 -1.7377 1.0632, -0.4584 -1.7377 1.0632, -0.4545 -1.752 1.0676, -0.4482 -1.7642 1.0746, -0.4401 -1.7736 1.0837, -0.4306 -1.7795 1.0943, -0.6322 -1.7377 1.3061, -0.6268 -1.752 1.3084, -0.6182 -1.7642 1.3121, -0.6069 -1.7736 1.3169, -0.5938 -1.7795 1.3225, -0.6242 -1.7795 1.4116, -0.638 -1.7736 1.408, -0.6498 -1.7642 1.4049, -0.6589 -1.752 1.4025, -0.6755 -1.7377 1.6996, -0.6697 -1.752 1.6985, -0.6605 -1.7642 1.6968, -0.6485 -1.7736 1.6946, -0.6345 -1.7795 1.692, -0.5539 -1.752 1.9711, -0.5463 -1.7642 1.9656, -0.5363 -1.7736 1.9585, -0.5247 -1.7795 1.9502, -0.4945 -1.7377 2.0516, -0.4903 -1.752 2.0475, -0.4835 -1.7642 2.041, -0.4747 -1.7736 2.0325, -0.4645 -1.7795 2.0226, -0.2454 -1.7377 2.2164, -0.2433 -1.752 2.2109, -0.2399 -1.7642 2.2022, -0.2356 -1.7736 2.1907, -0.2305 -1.7795 2.1774, 0.0471 -1.7795 2.2183, 0.0481 -1.7736 2.2325, 0.049 -1.7642 2.2447, 0.0497 -1.752 2.2541, 0.1494 -1.7377 2.2453, 0.1481 -1.752 2.2396, 0.146 -1.7642 2.2304, 0.1434 -1.7736 2.2185, 0.1403 -1.7795 2.2046, 0.4199 -1.7377 2.1185, 0.4162 -1.752 2.1139, 0.4105 -1.7642 2.1064, 0.403 -1.7736 2.0968, 0.3943 -1.7795 2.0855, 0.4645 -1.7795 2.0226, 0.4747 -1.7736 2.0325, 0.4835 -1.7642 2.041, 0.4903 -1.752 2.0475, 0.6502 -1.7377 1.7966, 0.6446 -1.752 1.7947, 0.6357 -1.7642 1.7917, 0.6241 -1.7736 1.7877, 0.6106 -1.7795 1.7831, 0.677 -1.752 1.5003, 0.6677 -1.7642 1.5013, 0.6555 -1.7736 1.5027, 0.6413 -1.7795 1.5042, 0.6646 -1.7377 1.401, 0.6589 -1.752 1.4025, 0.6498 -1.7642 1.4049, 0.638 -1.7736 1.408, 0.6242 -1.7795 1.4116, 0.528 -1.7377 1.1354, 0.5235 -1.752 1.1391, 0.5163 -1.7642 1.1452, 0.5069 -1.7736 1.153, 0.4959 -1.7795 1.1621, 0.2891 -1.752 0.9581, 0.2851 -1.7642 0.9666, 0.2799 -1.7736 0.9777, 0.2739 -1.7795 0.9906, 0.1979 -1.7377 0.917, 0.1962 -1.752 0.9226, 0.1935 -1.7642 0.9316, 0.19 -1.7736 0.9433, 0.1859 -1.7795 0.957
            ]
        }
        coordIndex [
            0,1,2,-1,3,4,5,-1,5,4,6,-1,5,6,2,-1,2,6,7,-1,2,7,0,-1,3,5,8,-1,8,5,9,-1,8,9,10,-1,10,9,11,-1,11,9,12,-1,11,12,13,-1,14,15,12,-1,12,15,16,-1,12,16,13,-1,17,18,14,-1,14,18,19,-1,14,19,15,-1,20,21,22,-1,22,21,23,-1,22,23,17,-1,17,23,24,-1,17,24,18,-1,20,22,25,-1,25,22,26,-1,25,26,27,-1,27,26,28,-1,28,26,29,-1,28,29,30,-1,30,29,31,-1,31,29,32,-1,31,32,33,-1,34,35,32,-1,32,35,36,-1,32,36,33,-1,37,38,39,-1,39,38,40,-1,39,40,34,-1,34,40,41,-1,34,41,35,-1,37,39,42,-1,42,39,43,-1,42,43,44,-1,44,43,45,-1,45,43,46,-1,45,46,47,-1,47,46,48,-1,48,46,49,-1,48,49,50,-1,51,52,53,-1,53,52,54,-1,53,54,55,-1,55,54,56,-1,55,56,57,-1,57,56,58,-1,57,58,49,-1,49,58,59,-1,49,59,50,-1,51,53,60,-1,60,53,61,-1,60,61,62,-1,62,61,63,-1,63,61,64,-1,63,64,65,-1,65,64,66,-1,66,64,67,-1,66,67,68,-1,69,70,67,-1,67,70,71,-1,67,71,68,-1,72,73,69,-1,69,73,74,-1,69,74,70,-1,72,69,75,-1,75,69,76,-1,75,76,77,-1,77,76,78,-1,77,78,79,-1,79,78,80,-1,80,78,81,-1,80,81,82,-1,82,81,83,-1,83,81,84,-1,83,84,85,-1,86,87,84,-1,84,87,88,-1,84,88,85,-1,89,90,86,-1,86,90,91,-1,86,91,87,-1,92,93,94,-1,94,93,95,-1,94,95,89,-1,89,95,96,-1,89,96,90,-1,92,94,97,-1,97,94,98,-1,97,98,99,-1,99,98,100,-1,100,98,101,-1,100,101,102,-1,0,103,1,-1,1,103,104,-1,1,104,101,-1,101,104,105,-1,101,105,102,-1,106,107,108,-1,109,110,111,-1,111,110,112,-1,111,112,113,-1,113,112,114,-1,113,114,115,-1,115,114,116,-1,115,116,117,-1,107,106,118,-1,118,106,119,-1,118,119,120,-1,120,119,121,-1,120,121,122,-1,122,121,123,-1,122,123,124,-1,124,123,125,-1,124,125,126,-1,127,128,129,-1,129,128,130,-1,129,130,109,-1,109,130,131,-1,109,131,110,-1,132,133,134,-1,134,133,135,-1,134,135,136,-1,136,135,137,-1,136,137,138,-1,138,137,139,-1,138,139,140,-1,140,139,141,-1,140,141,142,-1,142,141,143,-1,142,143,144,-1,144,143,145,-1,108,146,106,-1,106,146,147,-1,106,147,132,-1,132,147,148,-1,132,148,133,-1,149,150,151,-1,151,150,152,-1,151,152,153,-1,153,152,154,-1,153,154,155,-1,155,154,156,-1,125,157,126,-1,126,157,158,-1,126,158,159,-1,159,158,160,-1,161,162,163,-1,163,162,164,-1,163,164,165,-1,165,164,166,-1,165,166,149,-1,149,166,167,-1,149,167,150,-1,145,168,144,-1,144,168,169,-1,144,169,116,-1,116,169,170,-1,116,170,117,-1,127,171,128,-1,128,171,172,-1,128,172,154,-1,154,172,173,-1,154,173,156,-1,161,174,162,-1,162,174,175,-1,162,175,158,-1,158,175,176,-1,158,176,160,-1,177,178,158,-1,158,178,162,-1,179,180,132,-1,132,180,106,-1,144,116,181,-1,181,116,182,-1,183,184,154,-1,154,184,128,-1,185,186,187,-1,187,186,188,-1,189,190,191,-1,191,190,192,-1,193,194,195,-1,195,194,196,-1,197,198,199,-1,199,198,200,-1,201,202,203,-1,203,202,204,-1,205,206,189,-1,189,206,180,-1,189,180,190,-1,190,180,179,-1,207,208,209,-1,179,210,190,-1,190,210,211,-1,190,211,212,-1,212,211,213,-1,214,215,213,-1,213,215,216,-1,213,216,212,-1,217,218,200,-1,219,220,221,-1,222,223,193,-1,193,223,181,-1,193,181,194,-1,194,181,182,-1,200,224,217,-1,217,224,225,-1,217,225,226,-1,227,188,209,-1,209,188,228,-1,209,228,207,-1,222,193,213,-1,213,193,229,-1,213,229,214,-1,182,230,194,-1,194,230,231,-1,194,231,232,-1,232,231,217,-1,232,217,233,-1,233,217,226,-1,227,234,188,-1,188,234,178,-1,188,178,187,-1,187,178,177,-1,177,235,187,-1,187,235,236,-1,187,236,237,-1,237,236,221,-1,237,221,238,-1,238,221,220,-1,208,239,209,-1,209,239,240,-1,209,240,241,-1,241,240,199,-1,241,199,242,-1,205,189,221,-1,221,189,243,-1,221,243,219,-1,218,244,200,-1,200,244,184,-1,200,184,199,-1,199,184,183,-1,199,183,242,-1,192,190,212,-1,192,212,245,-1,245,212,216,-1,245,216,246,-1,246,216,215,-1,246,215,247,-1,247,215,214,-1,247,214,248,-1,248,214,229,-1,248,229,249,-1,249,229,193,-1,249,193,195,-1,191,192,250,-1,191,250,251,-1,251,250,252,-1,251,252,253,-1,253,252,254,-1,253,254,255,-1,255,254,256,-1,255,256,257,-1,257,256,258,-1,257,258,259,-1,259,258,204,-1,259,204,202,-1,185,187,237,-1,185,237,260,-1,260,237,238,-1,260,238,261,-1,261,238,220,-1,261,220,262,-1,262,220,219,-1,262,219,263,-1,263,219,243,-1,263,243,264,-1,264,243,189,-1,264,189,191,-1,204,258,265,-1,266,267,268,-1,192,245,269,-1,268,267,192,-1,270,192,267,-1,270,267,271,-1,271,267,266,-1,271,266,272,-1,250,192,270,-1,273,274,275,-1,275,274,269,-1,275,269,276,-1,276,269,245,-1,276,245,246,-1,250,270,252,-1,252,270,271,-1,252,271,254,-1,254,271,272,-1,254,272,256,-1,277,273,278,-1,278,273,275,-1,278,275,279,-1,279,275,276,-1,279,276,280,-1,280,276,246,-1,280,246,247,-1,281,277,282,-1,282,277,278,-1,282,278,283,-1,283,278,279,-1,283,279,284,-1,284,279,280,-1,284,280,285,-1,285,280,247,-1,285,247,248,-1,258,281,265,-1,265,281,282,-1,265,282,286,-1,286,282,283,-1,286,283,287,-1,287,283,284,-1,287,284,288,-1,288,284,285,-1,288,285,289,-1,289,285,248,-1,289,248,249,-1,204,265,290,-1,290,265,286,-1,290,286,291,-1,291,286,287,-1,291,287,292,-1,292,287,288,-1,292,288,293,-1,293,288,289,-1,293,289,294,-1,294,289,249,-1,294,249,195,-1,274,192,269,-1,258,256,281,-1,281,256,272,-1,281,272,277,-1,277,272,266,-1,277,266,273,-1,273,266,268,-1,273,268,274,-1,274,268,192,-1,185,260,295,-1,296,297,298,-1,191,251,299,-1,298,297,191,-1,300,191,297,-1,300,297,301,-1,301,297,296,-1,301,296,302,-1,264,191,300,-1,303,304,305,-1,305,304,299,-1,305,299,306,-1,306,299,251,-1,306,251,253,-1,264,300,263,-1,263,300,301,-1,263,301,262,-1,262,301,302,-1,262,302,261,-1,307,303,308,-1,308,303,305,-1,308,305,309,-1,309,305,306,-1,309,306,310,-1,310,306,253,-1,310,253,255,-1,311,307,312,-1,312,307,308,-1,312,308,313,-1,313,308,309,-1,313,309,314,-1,314,309,310,-1,314,310,315,-1,315,310,255,-1,315,255,257,-1,260,311,295,-1,295,311,312,-1,295,312,316,-1,316,312,313,-1,316,313,317,-1,317,313,314,-1,317,314,318,-1,318,314,315,-1,318,315,319,-1,319,315,257,-1,319,257,259,-1,185,295,320,-1,320,295,316,-1,320,316,321,-1,321,316,317,-1,321,317,322,-1,322,317,318,-1,322,318,323,-1,323,318,319,-1,323,319,324,-1,324,319,259,-1,324,259,202,-1,304,191,299,-1,260,261,311,-1,311,261,302,-1,311,302,307,-1,307,302,296,-1,307,296,303,-1,303,296,298,-1,303,298,304,-1,304,298,191,-1,196,194,232,-1,196,232,325,-1,325,232,233,-1,325,233,326,-1,326,233,226,-1,326,226,327,-1,327,226,225,-1,327,225,328,-1,328,225,224,-1,328,224,329,-1,329,224,200,-1,329,200,198,-1,195,196,330,-1,195,330,294,-1,294,330,331,-1,294,331,293,-1,293,331,332,-1,293,332,292,-1,292,332,333,-1,292,333,291,-1,291,333,334,-1,291,334,290,-1,290,334,203,-1,290,203,204,-1,186,185,320,-1,186,320,335,-1,335,320,321,-1,335,321,336,-1,336,321,322,-1,336,322,337,-1,337,322,323,-1,337,323,338,-1,338,323,324,-1,338,324,339,-1,339,324,202,-1,339,202,201,-1,197,199,240,-1,197,240,340,-1,340,240,239,-1,340,239,341,-1,341,239,208,-1,341,208,342,-1,342,208,207,-1,342,207,343,-1,343,207,228,-1,343,228,344,-1,344,228,188,-1,344,188,186,-1,334,333,345,-1,345,333,346,-1,345,346,347,-1,347,346,348,-1,347,348,349,-1,349,348,350,-1,349,350,351,-1,351,350,352,-1,351,352,353,-1,353,352,354,-1,353,354,198,-1,333,332,346,-1,346,332,355,-1,346,355,348,-1,348,355,356,-1,348,356,350,-1,350,356,357,-1,350,357,352,-1,352,357,358,-1,352,358,354,-1,354,358,359,-1,354,359,198,-1,203,334,360,-1,360,334,345,-1,360,345,361,-1,361,345,347,-1,361,347,362,-1,362,347,349,-1,362,349,363,-1,363,349,351,-1,363,351,364,-1,364,351,353,-1,364,353,198,-1,331,330,365,-1,365,330,366,-1,365,366,367,-1,367,366,368,-1,367,368,369,-1,369,368,370,-1,369,370,371,-1,371,370,372,-1,371,372,373,-1,373,372,374,-1,373,374,198,-1,330,196,366,-1,366,196,325,-1,366,325,368,-1,368,325,326,-1,368,326,370,-1,370,326,327,-1,370,327,372,-1,372,327,328,-1,372,328,374,-1,374,328,329,-1,374,329,198,-1,332,331,355,-1,355,331,365,-1,355,365,356,-1,356,365,367,-1,356,367,357,-1,357,367,369,-1,357,369,358,-1,358,369,371,-1,358,371,359,-1,359,371,373,-1,359,373,198,-1,335,336,375,-1,375,336,376,-1,375,376,377,-1,377,376,378,-1,377,378,379,-1,379,378,380,-1,379,380,381,-1,381,380,382,-1,381,382,383,-1,383,382,384,-1,383,384,197,-1,336,337,376,-1,376,337,385,-1,376,385,378,-1,378,385,386,-1,378,386,380,-1,380,386,387,-1,380,387,382,-1,382,387,388,-1,382,388,384,-1,384,388,389,-1,384,389,197,-1,186,335,344,-1,344,335,375,-1,344,375,343,-1,343,375,377,-1,343,377,342,-1,342,377,379,-1,342,379,341,-1,341,379,381,-1,341,381,340,-1,340,381,383,-1,340,383,197,-1,338,339,390,-1,390,339,391,-1,390,391,392,-1,392,391,393,-1,392,393,394,-1,394,393,395,-1,394,395,396,-1,396,395,397,-1,396,397,398,-1,398,397,399,-1,398,399,197,-1,339,201,391,-1,391,201,400,-1,391,400,393,-1,393,400,401,-1,393,401,395,-1,395,401,402,-1,395,402,397,-1,397,402,403,-1,397,403,399,-1,399,403,404,-1,399,404,197,-1,337,338,385,-1,385,338,390,-1,385,390,386,-1,386,390,392,-1,386,392,387,-1,387,392,394,-1,387,394,388,-1,388,394,396,-1,388,396,389,-1,389,396,398,-1,389,398,197,-1,198,197,404,-1,198,404,364,-1,364,404,403,-1,364,403,363,-1,363,403,402,-1,363,402,362,-1,362,402,401,-1,362,401,361,-1,361,401,400,-1,361,400,360,-1,360,400,201,-1,360,201,203,-1,179,132,134,-1,179,134,210,-1,210,134,136,-1,210,136,211,-1,211,136,138,-1,211,138,213,-1,213,138,140,-1,213,140,222,-1,222,140,142,-1,222,142,223,-1,223,142,144,-1,223,144,181,-1,177,158,157,-1,177,157,235,-1,235,157,125,-1,235,125,236,-1,236,125,123,-1,236,123,221,-1,221,123,121,-1,221,121,205,-1,205,121,119,-1,205,119,206,-1,206,119,106,-1,206,106,180,-1,183,154,152,-1,183,152,242,-1,242,152,150,-1,242,150,241,-1,241,150,167,-1,241,167,209,-1,209,167,166,-1,209,166,227,-1,227,166,164,-1,227,164,234,-1,234,164,162,-1,234,162,178,-1,182,116,114,-1,182,114,230,-1,230,114,112,-1,230,112,231,-1,231,112,110,-1,231,110,217,-1,217,110,131,-1,217,131,218,-1,218,131,130,-1,218,130,244,-1,244,130,128,-1,244,128,184,-1,56,54,405,-1,51,60,406,-1,62,63,407,-1,71,70,408,-1,75,77,409,-1,79,80,410,-1,88,87,411,-1,96,95,412,-1,92,97,413,-1,105,104,414,-1,103,0,415,-1,3,8,416,-1,16,15,417,-1,19,18,418,-1,20,25,419,-1,30,31,420,-1,36,35,421,-1,37,42,422,-1,423,127,129,-1,171,127,424,-1,424,127,423,-1,424,423,425,-1,172,171,426,-1,426,171,424,-1,426,424,427,-1,427,424,425,-1,427,425,428,-1,173,172,429,-1,429,172,426,-1,429,426,430,-1,430,426,427,-1,430,427,431,-1,431,427,428,-1,431,428,432,-1,156,173,433,-1,433,173,429,-1,433,429,434,-1,434,429,430,-1,434,430,435,-1,435,430,431,-1,435,431,436,-1,436,431,432,-1,436,432,405,-1,437,438,439,-1,440,438,441,-1,441,438,437,-1,441,437,442,-1,422,443,444,-1,444,443,445,-1,444,445,446,-1,446,445,447,-1,446,447,448,-1,448,447,449,-1,448,449,450,-1,111,113,451,-1,451,113,452,-1,451,452,453,-1,453,452,454,-1,453,454,455,-1,455,454,456,-1,455,456,457,-1,457,456,458,-1,457,458,459,-1,459,458,421,-1,170,169,460,-1,460,169,461,-1,460,461,462,-1,462,461,463,-1,462,463,464,-1,464,463,465,-1,464,465,466,-1,466,465,467,-1,466,467,468,-1,468,467,419,-1,145,143,469,-1,469,143,470,-1,469,470,471,-1,471,470,472,-1,471,472,473,-1,473,472,474,-1,473,474,475,-1,475,474,476,-1,475,476,477,-1,477,476,418,-1,137,135,478,-1,478,135,479,-1,478,479,480,-1,480,479,481,-1,480,481,482,-1,482,481,483,-1,482,483,484,-1,484,483,485,-1,484,485,486,-1,486,485,416,-1,148,147,487,-1,487,147,488,-1,487,488,489,-1,489,488,490,-1,489,490,491,-1,491,490,492,-1,491,492,493,-1,493,492,494,-1,493,494,495,-1,495,494,415,-1,107,118,496,-1,496,118,497,-1,496,497,498,-1,498,497,499,-1,498,499,500,-1,500,499,501,-1,500,501,502,-1,502,501,503,-1,502,503,504,-1,504,503,413,-1,124,126,505,-1,505,126,506,-1,505,506,507,-1,507,506,508,-1,507,508,509,-1,509,508,510,-1,509,510,511,-1,511,510,512,-1,511,512,513,-1,513,512,411,-1,160,176,514,-1,514,176,515,-1,514,515,516,-1,516,515,517,-1,516,517,518,-1,518,517,519,-1,518,519,520,-1,520,519,521,-1,520,521,522,-1,522,521,410,-1,161,163,523,-1,523,163,524,-1,523,524,525,-1,525,524,526,-1,525,526,527,-1,527,526,528,-1,527,528,529,-1,529,528,530,-1,529,530,531,-1,531,530,408,-1,149,151,532,-1,532,151,533,-1,532,533,534,-1,534,533,535,-1,534,535,536,-1,536,535,537,-1,536,537,538,-1,538,537,539,-1,538,539,540,-1,540,539,407,-1,47,48,440,-1,440,48,50,-1,440,50,438,-1,438,50,59,-1,438,59,439,-1,439,59,58,-1,45,47,443,-1,443,47,440,-1,443,440,445,-1,445,440,441,-1,445,441,447,-1,447,441,442,-1,447,442,449,-1,422,42,443,-1,443,42,44,-1,443,44,45,-1,38,37,541,-1,541,37,422,-1,541,422,542,-1,542,422,444,-1,542,444,543,-1,543,444,446,-1,543,446,544,-1,544,446,448,-1,544,448,545,-1,545,448,450,-1,545,450,109,-1,109,450,129,-1,109,111,545,-1,545,111,451,-1,545,451,544,-1,544,451,453,-1,544,453,543,-1,543,453,455,-1,543,455,542,-1,542,455,457,-1,542,457,541,-1,541,457,459,-1,541,459,38,-1,38,459,40,-1,421,35,459,-1,459,35,41,-1,459,41,40,-1,33,36,546,-1,546,36,421,-1,546,421,547,-1,547,421,458,-1,547,458,548,-1,548,458,456,-1,548,456,549,-1,549,456,454,-1,549,454,550,-1,550,454,452,-1,550,452,115,-1,115,452,113,-1,115,117,550,-1,550,117,551,-1,550,551,549,-1,549,551,552,-1,549,552,548,-1,548,552,553,-1,548,553,547,-1,547,553,554,-1,547,554,546,-1,546,554,420,-1,546,420,33,-1,33,420,31,-1,28,30,468,-1,468,30,420,-1,468,420,466,-1,466,420,554,-1,466,554,464,-1,464,554,553,-1,464,553,462,-1,462,553,552,-1,462,552,460,-1,460,552,551,-1,460,551,170,-1,170,551,117,-1,419,25,468,-1,468,25,27,-1,468,27,28,-1,21,20,555,-1,555,20,419,-1,555,419,556,-1,556,419,467,-1,556,467,557,-1,557,467,465,-1,557,465,558,-1,558,465,463,-1,558,463,559,-1,559,463,461,-1,559,461,168,-1,168,461,169,-1,168,145,559,-1,559,145,469,-1,559,469,558,-1,558,469,471,-1,558,471,557,-1,557,471,473,-1,557,473,556,-1,556,473,475,-1,556,475,555,-1,555,475,477,-1,555,477,21,-1,21,477,23,-1,418,18,477,-1,477,18,24,-1,477,24,23,-1,15,19,417,-1,417,19,418,-1,417,418,560,-1,560,418,476,-1,560,476,561,-1,561,476,474,-1,561,474,562,-1,562,474,472,-1,562,472,563,-1,563,472,470,-1,563,470,141,-1,141,470,143,-1,13,16,564,-1,564,16,417,-1,564,417,565,-1,565,417,560,-1,565,560,566,-1,566,560,561,-1,566,561,567,-1,567,561,562,-1,567,562,568,-1,568,562,563,-1,568,563,139,-1,139,563,141,-1,139,137,568,-1,568,137,478,-1,568,478,567,-1,567,478,480,-1,567,480,566,-1,566,480,482,-1,566,482,565,-1,565,482,484,-1,565,484,564,-1,564,484,486,-1,564,486,13,-1,13,486,11,-1,416,8,486,-1,486,8,10,-1,486,10,11,-1,4,3,569,-1,569,3,416,-1,569,416,570,-1,570,416,485,-1,570,485,571,-1,571,485,483,-1,571,483,572,-1,572,483,481,-1,572,481,573,-1,573,481,479,-1,573,479,133,-1,133,479,135,-1,133,148,573,-1,573,148,487,-1,573,487,572,-1,572,487,489,-1,572,489,571,-1,571,489,491,-1,571,491,570,-1,570,491,493,-1,570,493,569,-1,569,493,495,-1,569,495,4,-1,4,495,6,-1,415,0,495,-1,495,0,7,-1,495,7,6,-1,147,146,488,-1,488,146,574,-1,488,574,490,-1,490,574,575,-1,490,575,492,-1,492,575,576,-1,492,576,494,-1,494,576,577,-1,494,577,415,-1,415,577,414,-1,415,414,103,-1,103,414,104,-1,102,105,578,-1,578,105,414,-1,578,414,579,-1,579,414,577,-1,579,577,580,-1,580,577,576,-1,580,576,581,-1,581,576,575,-1,581,575,582,-1,582,575,574,-1,582,574,108,-1,108,574,146,-1,108,107,582,-1,582,107,496,-1,582,496,581,-1,581,496,498,-1,581,498,580,-1,580,498,500,-1,580,500,579,-1,579,500,502,-1,579,502,578,-1,578,502,504,-1,578,504,102,-1,102,504,100,-1,413,97,504,-1,504,97,99,-1,504,99,100,-1,93,92,583,-1,583,92,413,-1,583,413,584,-1,584,413,503,-1,584,503,585,-1,585,503,501,-1,585,501,586,-1,586,501,499,-1,586,499,587,-1,587,499,497,-1,587,497,120,-1,120,497,118,-1,120,122,587,-1,587,122,588,-1,587,588,586,-1,586,588,589,-1,586,589,585,-1,585,589,590,-1,585,590,584,-1,584,590,591,-1,584,591,583,-1,583,591,412,-1,583,412,93,-1,93,412,95,-1,90,96,513,-1,513,96,412,-1,513,412,511,-1,511,412,591,-1,511,591,509,-1,509,591,590,-1,509,590,507,-1,507,590,589,-1,507,589,505,-1,505,589,588,-1,505,588,124,-1,124,588,122,-1,411,87,513,-1,513,87,91,-1,513,91,90,-1,85,88,592,-1,592,88,411,-1,592,411,593,-1,593,411,512,-1,593,512,594,-1,594,512,510,-1,594,510,595,-1,595,510,508,-1,595,508,596,-1,596,508,506,-1,596,506,159,-1,159,506,126,-1,159,160,596,-1,596,160,514,-1,596,514,595,-1,595,514,516,-1,595,516,594,-1,594,516,518,-1,594,518,593,-1,593,518,520,-1,593,520,592,-1,592,520,522,-1,592,522,85,-1,85,522,83,-1,410,80,522,-1,522,80,82,-1,522,82,83,-1,77,79,409,-1,409,79,410,-1,409,410,597,-1,597,410,521,-1,597,521,598,-1,598,521,519,-1,598,519,599,-1,599,519,517,-1,599,517,600,-1,600,517,515,-1,600,515,175,-1,175,515,176,-1,72,75,601,-1,601,75,409,-1,601,409,602,-1,602,409,597,-1,602,597,603,-1,603,597,598,-1,603,598,604,-1,604,598,599,-1,604,599,605,-1,605,599,600,-1,605,600,174,-1,174,600,175,-1,174,161,605,-1,605,161,523,-1,605,523,604,-1,604,523,525,-1,604,525,603,-1,603,525,527,-1,603,527,602,-1,602,527,529,-1,602,529,601,-1,601,529,531,-1,601,531,72,-1,72,531,73,-1,408,70,531,-1,531,70,74,-1,531,74,73,-1,68,71,606,-1,606,71,408,-1,606,408,607,-1,607,408,530,-1,607,530,608,-1,608,530,528,-1,608,528,609,-1,609,528,526,-1,609,526,610,-1,610,526,524,-1,610,524,165,-1,165,524,163,-1,165,149,610,-1,610,149,532,-1,610,532,609,-1,609,532,534,-1,609,534,608,-1,608,534,536,-1,608,536,607,-1,607,536,538,-1,607,538,606,-1,606,538,540,-1,606,540,68,-1,68,540,66,-1,407,63,540,-1,540,63,65,-1,540,65,66,-1,60,62,406,-1,406,62,407,-1,406,407,611,-1,611,407,539,-1,611,539,612,-1,612,539,537,-1,612,537,613,-1,613,537,535,-1,613,535,614,-1,614,535,533,-1,614,533,153,-1,153,533,151,-1,52,51,615,-1,615,51,406,-1,615,406,616,-1,616,406,611,-1,616,611,617,-1,617,611,612,-1,617,612,618,-1,618,612,613,-1,618,613,619,-1,619,613,614,-1,619,614,155,-1,155,614,153,-1,155,156,619,-1,619,156,433,-1,619,433,618,-1,618,433,434,-1,618,434,617,-1,617,434,435,-1,617,435,616,-1,616,435,436,-1,616,436,615,-1,615,436,405,-1,615,405,52,-1,52,405,54,-1,129,450,423,-1,423,450,449,-1,423,449,425,-1,425,449,442,-1,425,442,428,-1,428,442,437,-1,428,437,432,-1,432,437,439,-1,432,439,405,-1,405,439,58,-1,405,58,56,-1,
        ]
    }
}
Shape{
    appearance Appearance {
        material  Material 	{
            diffuseColor 0.2235294117647059 0.2235294117647059 0.2235294117647059
            specularColor 0.11372549019607843 0.11372549019607843 0.11372549019607843
            ambientIntensity 0.2235
            transparency 0.0
            shininess 0.5
        }
    }
    geometry IndexedFaceSet {
        ccw TRUE
        solid FALSE
        coord DEF co Coordinate {
            point [
                -0.8858 -1.2697 2.6181, -0.8451 -1.4272 2.6127, -0.8451 -1.2697 2.6127, -0.8071 -1.4272 2.597, -0.8071 -1.2697 2.597, -0.7745 -1.4272 2.572, -0.7745 -1.2697 2.572, -0.7494 -1.4272 2.5394, -0.7494 -1.2697 2.5394, -0.7337 -1.4272 2.5014, -0.7337 -1.2697 2.5014, -0.7283 -1.4272 2.4606, -0.7283 -1.2697 2.4606, -0.7337 -1.4272 2.4199, -0.7337 -1.2697 2.4199, -0.7494 -1.4272 2.3819, -0.7494 -1.2697 2.3819, -0.7745 -1.4272 2.3493, -0.7745 -1.2697 2.3493, -0.8071 -1.4272 2.3243, -0.8071 -1.2697 2.3243, -0.8451 -1.4272 2.3085, -0.8451 -1.2697 2.3085, -0.8858 -1.4272 2.3032, -0.8858 -1.2697 2.3032, -0.9266 -1.4272 2.3085, -0.9266 -1.2697 2.3085, -0.9646 -1.4272 2.3243, -0.9646 -1.2697 2.3243, -0.9972 -1.4272 2.3493, -0.9972 -1.2697 2.3493, -1.0222 -1.4272 2.3819, -1.0222 -1.2697 2.3819, -1.0379 -1.4272 2.4199, -1.0379 -1.2697 2.4199, -1.0433 -1.4272 2.4606, -1.0433 -1.2697 2.4606, -1.0379 -1.4272 2.5014, -1.0379 -1.2697 2.5014, -1.0222 -1.4272 2.5394, -1.0222 -1.2697 2.5394, -0.9972 -1.4272 2.572, -0.9972 -1.2697 2.572, -0.9646 -1.4272 2.597, -0.9646 -1.2697 2.597, -0.9266 -1.4272 2.6127, -0.9266 -1.2697 2.6127, -0.8858 -1.4272 2.6181, -0.9449 -1.4665 2.3583, -0.9164 -1.4665 2.3465, -0.8858 -1.4665 2.4606, -0.8858 -1.4665 2.3425, -0.8553 -1.4665 2.3465, -0.9999 -1.4665 2.4301, -0.9881 -1.4665 2.4016, -0.9693 -1.4665 2.3771, -0.9881 -1.4665 2.5197, -0.9999 -1.4665 2.4912, -1.0039 -1.4665 2.4606, -0.9164 -1.4665 2.5747, -0.9449 -1.4665 2.5629, -0.9693 -1.4665 2.5441, -0.8268 -1.4665 2.5629, -0.8553 -1.4665 2.5747, -0.8858 -1.4665 2.5787, -0.7717 -1.4665 2.4912, -0.7835 -1.4665 2.5197, -0.8023 -1.4665 2.5441, -0.7835 -1.4665 2.4016, -0.7717 -1.4665 2.4301, -0.7677 -1.4665 2.4606, -0.8268 -1.4665 2.3583, -0.8023 -1.4665 2.3771, 0.8858 -1.2697 2.6181, 0.9266 -1.4272 2.6127, 0.9266 -1.2697 2.6127, 0.9646 -1.4272 2.597, 0.9646 -1.2697 2.597, 0.9972 -1.4272 2.572, 0.9972 -1.2697 2.572, 1.0222 -1.4272 2.5394, 1.0222 -1.2697 2.5394, 1.0379 -1.4272 2.5014, 1.0379 -1.2697 2.5014, 1.0433 -1.4272 2.4606, 1.0433 -1.2697 2.4606, 1.0379 -1.4272 2.4199, 1.0379 -1.2697 2.4199, 1.0222 -1.4272 2.3819, 1.0222 -1.2697 2.3819, 0.9972 -1.4272 2.3493, 0.9972 -1.2697 2.3493, 0.9646 -1.4272 2.3243, 0.9646 -1.2697 2.3243, 0.9266 -1.4272 2.3085, 0.9266 -1.2697 2.3085, 0.8858 -1.4272 2.3032, 0.8858 -1.2697 2.3032, 0.8451 -1.4272 2.3085, 0.8451 -1.2697 2.3085, 0.8071 -1.4272 2.3243, 0.8071 -1.2697 2.3243, 0.7745 -1.4272 2.3493, 0.7745 -1.2697 2.3493, 0.7494 -1.4272 2.3819, 0.7494 -1.2697 2.3819, 0.7337 -1.4272 2.4199, 0.7337 -1.2697 2.4199, 0.7283 -1.4272 2.4606, 0.7283 -1.2697 2.4606, 0.7337 -1.4272 2.5014, 0.7337 -1.2697 2.5014, 0.7494 -1.4272 2.5394, 0.7494 -1.2697 2.5394, 0.7745 -1.4272 2.572, 0.7745 -1.2697 2.572, 0.8071 -1.4272 2.597, 0.8071 -1.2697 2.597, 0.8451 -1.4272 2.6127, 0.8451 -1.2697 2.6127, 0.8858 -1.4272 2.6181, 0.8268 -1.4665 2.3583, 0.8553 -1.4665 2.3465, 0.8858 -1.4665 2.4606, 0.8858 -1.4665 2.3425, 0.9164 -1.4665 2.3465, 0.7717 -1.4665 2.4301, 0.7835 -1.4665 2.4016, 0.8023 -1.4665 2.3771, 0.7835 -1.4665 2.5197, 0.7717 -1.4665 2.4912, 0.7677 -1.4665 2.4606, 0.8553 -1.4665 2.5747, 0.8268 -1.4665 2.5629, 0.8023 -1.4665 2.5441, 0.9449 -1.4665 2.5629, 0.9164 -1.4665 2.5747, 0.8858 -1.4665 2.5787, 0.9999 -1.4665 2.4912, 0.9881 -1.4665 2.5197, 0.9693 -1.4665 2.5441, 0.9881 -1.4665 2.4016, 0.9999 -1.4665 2.4301, 1.0039 -1.4665 2.4606, 0.9449 -1.4665 2.3583, 0.9693 -1.4665 2.3771, 0.8858 -1.2697 0.8465, 0.9266 -1.4272 0.8411, 0.9266 -1.2697 0.8411, 0.9646 -1.4272 0.8254, 0.9646 -1.2697 0.8254, 0.9972 -1.4272 0.8003, 0.9972 -1.2697 0.8003, 1.0222 -1.4272 0.7677, 1.0222 -1.2697 0.7677, 1.0379 -1.4272 0.7297, 1.0379 -1.2697 0.7297, 1.0433 -1.4272 0.689, 1.0433 -1.2697 0.689, 1.0379 -1.4272 0.6482, 1.0379 -1.2697 0.6482, 1.0222 -1.4272 0.6102, 1.0222 -1.2697 0.6102, 0.9972 -1.4272 0.5776, 0.9972 -1.2697 0.5776, 0.9646 -1.4272 0.5526, 0.9646 -1.2697 0.5526, 0.9266 -1.4272 0.5369, 0.9266 -1.2697 0.5369, 0.8858 -1.4272 0.5315, 0.8858 -1.2697 0.5315, 0.8451 -1.4272 0.5369, 0.8451 -1.2697 0.5369, 0.8071 -1.4272 0.5526, 0.8071 -1.2697 0.5526, 0.7745 -1.4272 0.5776, 0.7745 -1.2697 0.5776, 0.7494 -1.4272 0.6102, 0.7494 -1.2697 0.6102, 0.7337 -1.4272 0.6482, 0.7337 -1.2697 0.6482, 0.7283 -1.4272 0.689, 0.7283 -1.2697 0.689, 0.7337 -1.4272 0.7297, 0.7337 -1.2697 0.7297, 0.7494 -1.4272 0.7677, 0.7494 -1.2697 0.7677, 0.7745 -1.4272 0.8003, 0.7745 -1.2697 0.8003, 0.8071 -1.4272 0.8254, 0.8071 -1.2697 0.8254, 0.8451 -1.4272 0.8411, 0.8451 -1.2697 0.8411, 0.8858 -1.4272 0.8465, 0.8268 -1.4665 0.5867, 0.8553 -1.4665 0.5749, 0.8858 -1.4665 0.689, 0.8858 -1.4665 0.5709, 0.9164 -1.4665 0.5749, 0.7717 -1.4665 0.6584, 0.7835 -1.4665 0.6299, 0.8023 -1.4665 0.6055, 0.7835 -1.4665 0.748, 0.7717 -1.4665 0.7195, 0.7677 -1.4665 0.689, 0.8553 -1.4665 0.8031, 0.8268 -1.4665 0.7913, 0.8023 -1.4665 0.7725, 0.9449 -1.4665 0.7913, 0.9164 -1.4665 0.8031, 0.8858 -1.4665 0.8071, 0.9999 -1.4665 0.7195, 0.9881 -1.4665 0.748, 0.9693 -1.4665 0.7725, 0.9881 -1.4665 0.6299, 0.9999 -1.4665 0.6584, 1.0039 -1.4665 0.689, 0.9449 -1.4665 0.5867, 0.9693 -1.4665 0.6055, -0.8858 -1.2697 0.8465, -0.8451 -1.4272 0.8411, -0.8451 -1.2697 0.8411, -0.8071 -1.4272 0.8254, -0.8071 -1.2697 0.8254, -0.7745 -1.4272 0.8003, -0.7745 -1.2697 0.8003, -0.7494 -1.4272 0.7677, -0.7494 -1.2697 0.7677, -0.7337 -1.4272 0.7297, -0.7337 -1.2697 0.7297, -0.7283 -1.4272 0.689, -0.7283 -1.2697 0.689, -0.7337 -1.4272 0.6482, -0.7337 -1.2697 0.6482, -0.7494 -1.4272 0.6102, -0.7494 -1.2697 0.6102, -0.7745 -1.4272 0.5776, -0.7745 -1.2697 0.5776, -0.8071 -1.4272 0.5526, -0.8071 -1.2697 0.5526, -0.8451 -1.4272 0.5369, -0.8451 -1.2697 0.5369, -0.8858 -1.4272 0.5315, -0.8858 -1.2697 0.5315, -0.9266 -1.4272 0.5369, -0.9266 -1.2697 0.5369, -0.9646 -1.4272 0.5526, -0.9646 -1.2697 0.5526, -0.9972 -1.4272 0.5776, -0.9972 -1.2697 0.5776, -1.0222 -1.4272 0.6102, -1.0222 -1.2697 0.6102, -1.0379 -1.4272 0.6482, -1.0379 -1.2697 0.6482, -1.0433 -1.4272 0.689, -1.0433 -1.2697 0.689, -1.0379 -1.4272 0.7297, -1.0379 -1.2697 0.7297, -1.0222 -1.4272 0.7677, -1.0222 -1.2697 0.7677, -0.9972 -1.4272 0.8003, -0.9972 -1.2697 0.8003, -0.9646 -1.4272 0.8254, -0.9646 -1.2697 0.8254, -0.9266 -1.4272 0.8411, -0.9266 -1.2697 0.8411, -0.8858 -1.4272 0.8465, -0.9449 -1.4665 0.5867, -0.9164 -1.4665 0.5749, -0.8858 -1.4665 0.689, -0.8858 -1.4665 0.5709, -0.8553 -1.4665 0.5749, -0.9999 -1.4665 0.6584, -0.9881 -1.4665 0.6299, -0.9693 -1.4665 0.6055, -0.9881 -1.4665 0.748, -0.9999 -1.4665 0.7195, -1.0039 -1.4665 0.689, -0.9164 -1.4665 0.8031, -0.9449 -1.4665 0.7913, -0.9693 -1.4665 0.7725, -0.8268 -1.4665 0.7913, -0.8553 -1.4665 0.8031, -0.8858 -1.4665 0.8071, -0.7717 -1.4665 0.7195, -0.7835 -1.4665 0.748, -0.8023 -1.4665 0.7725, -0.7835 -1.4665 0.6299, -0.7717 -1.4665 0.6584, -0.7677 -1.4665 0.689, -0.8268 -1.4665 0.5867, -0.8023 -1.4665 0.6055, -0.8526 -1.4652 0.5651, -0.8217 -1.4652 0.5779, -0.7951 -1.4652 0.5983, -0.7747 -1.4652 0.6248, -0.7619 -1.4652 0.6558, -0.7575 -1.4652 0.689, -0.7619 -1.4652 0.7222, -0.7747 -1.4652 0.7531, -0.7951 -1.4652 0.7797, -0.8217 -1.4652 0.8001, -0.8526 -1.4652 0.8129, -0.8858 -1.4652 0.8173, -0.919 -1.4652 0.8129, -0.95 -1.4652 0.8001, -0.9765 -1.4652 0.7797, -0.9969 -1.4652 0.7531, -1.0098 -1.4652 0.7222, -1.0141 -1.4652 0.689, -1.0098 -1.4652 0.6558, -0.9969 -1.4652 0.6248, -0.9765 -1.4652 0.5983, -0.95 -1.4652 0.5779, -0.919 -1.4652 0.5651, -0.8858 -1.4652 0.5607, -0.8502 -1.4613 0.5559, -0.8169 -1.4613 0.5696, -0.7884 -1.4613 0.5915, -0.7665 -1.4613 0.6201, -0.7527 -1.4613 0.6533, -0.748 -1.4613 0.689, -0.7527 -1.4613 0.7246, -0.7665 -1.4613 0.7579, -0.7884 -1.4613 0.7864, -0.8169 -1.4613 0.8083, -0.8502 -1.4613 0.8221, -0.8858 -1.4613 0.8268, -0.9215 -1.4613 0.8221, -0.9547 -1.4613 0.8083, -0.9833 -1.4613 0.7864, -1.0052 -1.4613 0.7579, -1.0189 -1.4613 0.7246, -1.0236 -1.4613 0.689, -1.0189 -1.4613 0.6533, -1.0052 -1.4613 0.6201, -0.9833 -1.4613 0.5915, -0.9547 -1.4613 0.5696, -0.9215 -1.4613 0.5559, -0.8858 -1.4613 0.5512, -0.8481 -1.455 0.548, -0.8129 -1.455 0.5626, -0.7826 -1.455 0.5858, -0.7594 -1.455 0.616, -0.7449 -1.455 0.6512, -0.7399 -1.455 0.689, -0.7449 -1.455 0.7268, -0.7594 -1.455 0.762, -0.7826 -1.455 0.7922, -0.8129 -1.455 0.8154, -0.8481 -1.455 0.83, -0.8858 -1.455 0.8349, -0.9236 -1.455 0.83, -0.9588 -1.455 0.8154, -0.989 -1.455 0.7922, -1.0122 -1.455 0.762, -1.0268 -1.455 0.7268, -1.0318 -1.455 0.689, -1.0268 -1.455 0.6512, -1.0122 -1.455 0.616, -0.989 -1.455 0.5858, -0.9588 -1.455 0.5626, -0.9236 -1.455 0.548, -0.8858 -1.455 0.543, -0.8464 -1.4469 0.542, -0.8097 -1.4469 0.5572, -0.7782 -1.4469 0.5814, -0.754 -1.4469 0.6129, -0.7388 -1.4469 0.6496, -0.7336 -1.4469 0.689, -0.7388 -1.4469 0.7284, -0.754 -1.4469 0.7651, -0.7782 -1.4469 0.7966, -0.8097 -1.4469 0.8208, -0.8464 -1.4469 0.836, -0.8858 -1.4469 0.8412, -0.9252 -1.4469 0.836, -0.9619 -1.4469 0.8208, -0.9935 -1.4469 0.7966, -1.0176 -1.4469 0.7651, -1.0328 -1.4469 0.7284, -1.038 -1.4469 0.689, -1.0328 -1.4469 0.6496, -1.0176 -1.4469 0.6129, -0.9935 -1.4469 0.5814, -0.9619 -1.4469 0.5572, -0.9252 -1.4469 0.542, -0.8858 -1.4469 0.5368, -0.8454 -1.4374 0.5382, -0.8078 -1.4374 0.5538, -0.7754 -1.4374 0.5786, -0.7506 -1.4374 0.6109, -0.735 -1.4374 0.6486, -0.7297 -1.4374 0.689, -0.735 -1.4374 0.7294, -0.7506 -1.4374 0.767, -0.7754 -1.4374 0.7994, -0.8078 -1.4374 0.8242, -0.8454 -1.4374 0.8398, -0.8858 -1.4374 0.8451, -0.9262 -1.4374 0.8398, -0.9639 -1.4374 0.8242, -0.9962 -1.4374 0.7994, -1.021 -1.4374 0.767, -1.0366 -1.4374 0.7294, -1.042 -1.4374 0.689, -1.0366 -1.4374 0.6486, -1.021 -1.4374 0.6109, -0.9962 -1.4374 0.5786, -0.9639 -1.4374 0.5538, -0.9262 -1.4374 0.5382, -0.8858 -1.4374 0.5328, 0.919 -1.4652 0.5651, 0.95 -1.4652 0.5779, 0.9765 -1.4652 0.5983, 0.9969 -1.4652 0.6248, 1.0098 -1.4652 0.6558, 1.0141 -1.4652 0.689, 1.0098 -1.4652 0.7222, 0.9969 -1.4652 0.7531, 0.9765 -1.4652 0.7797, 0.95 -1.4652 0.8001, 0.919 -1.4652 0.8129, 0.8858 -1.4652 0.8173, 0.8526 -1.4652 0.8129, 0.8217 -1.4652 0.8001, 0.7951 -1.4652 0.7797, 0.7747 -1.4652 0.7531, 0.7619 -1.4652 0.7222, 0.7575 -1.4652 0.689, 0.7619 -1.4652 0.6558, 0.7747 -1.4652 0.6248, 0.7951 -1.4652 0.5983, 0.8217 -1.4652 0.5779, 0.8526 -1.4652 0.5651, 0.8858 -1.4652 0.5607, 0.9215 -1.4613 0.5559, 0.9547 -1.4613 0.5696, 0.9833 -1.4613 0.5915, 1.0052 -1.4613 0.6201, 1.0189 -1.4613 0.6533, 1.0236 -1.4613 0.689, 1.0189 -1.4613 0.7246, 1.0052 -1.4613 0.7579, 0.9833 -1.4613 0.7864, 0.9547 -1.4613 0.8083, 0.9215 -1.4613 0.8221, 0.8858 -1.4613 0.8268, 0.8502 -1.4613 0.8221, 0.8169 -1.4613 0.8083, 0.7884 -1.4613 0.7864, 0.7665 -1.4613 0.7579, 0.7527 -1.4613 0.7246, 0.748 -1.4613 0.689, 0.7527 -1.4613 0.6533, 0.7665 -1.4613 0.6201, 0.7884 -1.4613 0.5915, 0.8169 -1.4613 0.5696, 0.8502 -1.4613 0.5559, 0.8858 -1.4613 0.5512, 0.9236 -1.455 0.548, 0.9588 -1.455 0.5626, 0.989 -1.455 0.5858, 1.0122 -1.455 0.616, 1.0268 -1.455 0.6512, 1.0318 -1.455 0.689, 1.0268 -1.455 0.7268, 1.0122 -1.455 0.762, 0.989 -1.455 0.7922, 0.9588 -1.455 0.8154, 0.9236 -1.455 0.83, 0.8858 -1.455 0.8349, 0.8481 -1.455 0.83, 0.8129 -1.455 0.8154, 0.7826 -1.455 0.7922, 0.7594 -1.455 0.762, 0.7449 -1.455 0.7268, 0.7399 -1.455 0.689, 0.7449 -1.455 0.6512, 0.7594 -1.455 0.616, 0.7826 -1.455 0.5858, 0.8129 -1.455 0.5626, 0.8481 -1.455 0.548, 0.8858 -1.455 0.543, 0.9252 -1.4469 0.542, 0.9619 -1.4469 0.5572, 0.9935 -1.4469 0.5814, 1.0176 -1.4469 0.6129, 1.0328 -1.4469 0.6496, 1.038 -1.4469 0.689, 1.0328 -1.4469 0.7284, 1.0176 -1.4469 0.7651, 0.9935 -1.4469 0.7966, 0.9619 -1.4469 0.8208, 0.9252 -1.4469 0.836, 0.8858 -1.4469 0.8412, 0.8464 -1.4469 0.836, 0.8097 -1.4469 0.8208, 0.7782 -1.4469 0.7966, 0.754 -1.4469 0.7651, 0.7388 -1.4469 0.7284, 0.7336 -1.4469 0.689, 0.7388 -1.4469 0.6496, 0.754 -1.4469 0.6129, 0.7782 -1.4469 0.5814, 0.8097 -1.4469 0.5572, 0.8464 -1.4469 0.542, 0.8858 -1.4469 0.5368, 0.9262 -1.4374 0.5382, 0.9639 -1.4374 0.5538, 0.9962 -1.4374 0.5786, 1.021 -1.4374 0.6109, 1.0366 -1.4374 0.6486, 1.042 -1.4374 0.689, 1.0366 -1.4374 0.7294, 1.021 -1.4374 0.767, 0.9962 -1.4374 0.7994, 0.9639 -1.4374 0.8242, 0.9262 -1.4374 0.8398, 0.8858 -1.4374 0.8451, 0.8454 -1.4374 0.8398, 0.8078 -1.4374 0.8242, 0.7754 -1.4374 0.7994, 0.7506 -1.4374 0.767, 0.735 -1.4374 0.7294, 0.7297 -1.4374 0.689, 0.735 -1.4374 0.6486, 0.7506 -1.4374 0.6109, 0.7754 -1.4374 0.5786, 0.8078 -1.4374 0.5538, 0.8454 -1.4374 0.5382, 0.8858 -1.4374 0.5328, 0.919 -1.4652 2.3367, 0.95 -1.4652 2.3495, 0.9765 -1.4652 2.3699, 0.9969 -1.4652 2.3965, 1.0098 -1.4652 2.4274, 1.0141 -1.4652 2.4606, 1.0098 -1.4652 2.4938, 0.9969 -1.4652 2.5248, 0.9765 -1.4652 2.5514, 0.95 -1.4652 2.5717, 0.919 -1.4652 2.5846, 0.8858 -1.4652 2.5889, 0.8526 -1.4652 2.5846, 0.8217 -1.4652 2.5717, 0.7951 -1.4652 2.5514, 0.7747 -1.4652 2.5248, 0.7619 -1.4652 2.4938, 0.7575 -1.4652 2.4606, 0.7619 -1.4652 2.4274, 0.7747 -1.4652 2.3965, 0.7951 -1.4652 2.3699, 0.8217 -1.4652 2.3495, 0.8526 -1.4652 2.3367, 0.8858 -1.4652 2.3323, 0.9215 -1.4613 2.3275, 0.9547 -1.4613 2.3413, 0.9833 -1.4613 2.3632, 1.0052 -1.4613 2.3917, 1.0189 -1.4613 2.425, 1.0236 -1.4613 2.4606, 1.0189 -1.4613 2.4963, 1.0052 -1.4613 2.5295, 0.9833 -1.4613 2.5581, 0.9547 -1.4613 2.58, 0.9215 -1.4613 2.5937, 0.8858 -1.4613 2.5984, 0.8502 -1.4613 2.5937, 0.8169 -1.4613 2.58, 0.7884 -1.4613 2.5581, 0.7665 -1.4613 2.5295, 0.7527 -1.4613 2.4963, 0.748 -1.4613 2.4606, 0.7527 -1.4613 2.425, 0.7665 -1.4613 2.3917, 0.7884 -1.4613 2.3632, 0.8169 -1.4613 2.3413, 0.8502 -1.4613 2.3275, 0.8858 -1.4613 2.3228, 0.9236 -1.455 2.3197, 0.9588 -1.455 2.3342, 0.989 -1.455 2.3574, 1.0122 -1.455 2.3877, 1.0268 -1.455 2.4229, 1.0318 -1.455 2.4606, 1.0268 -1.455 2.4984, 1.0122 -1.455 2.5336, 0.989 -1.455 2.5638, 0.9588 -1.455 2.587, 0.9236 -1.455 2.6016, 0.8858 -1.455 2.6066, 0.8481 -1.455 2.6016, 0.8129 -1.455 2.587, 0.7826 -1.455 2.5638, 0.7594 -1.455 2.5336, 0.7449 -1.455 2.4984, 0.7399 -1.455 2.4606, 0.7449 -1.455 2.4229, 0.7594 -1.455 2.3877, 0.7826 -1.455 2.3574, 0.8129 -1.455 2.3342, 0.8481 -1.455 2.3197, 0.8858 -1.455 2.3147, 0.9252 -1.4469 2.3136, 0.9619 -1.4469 2.3288, 0.9935 -1.4469 2.353, 1.0176 -1.4469 2.3845, 1.0328 -1.4469 2.4212, 1.038 -1.4469 2.4606, 1.0328 -1.4469 2.5, 1.0176 -1.4469 2.5367, 0.9935 -1.4469 2.5683, 0.9619 -1.4469 2.5924, 0.9252 -1.4469 2.6077, 0.8858 -1.4469 2.6128, 0.8464 -1.4469 2.6077, 0.8097 -1.4469 2.5924, 0.7782 -1.4469 2.5683, 0.754 -1.4469 2.5367, 0.7388 -1.4469 2.5, 0.7336 -1.4469 2.4606, 0.7388 -1.4469 2.4212, 0.754 -1.4469 2.3845, 0.7782 -1.4469 2.353, 0.8097 -1.4469 2.3288, 0.8464 -1.4469 2.3136, 0.8858 -1.4469 2.3084, 0.9262 -1.4374 2.3098, 0.9639 -1.4374 2.3254, 0.9962 -1.4374 2.3502, 1.021 -1.4374 2.3826, 1.0366 -1.4374 2.4202, 1.042 -1.4374 2.4606, 1.0366 -1.4374 2.501, 1.021 -1.4374 2.5387, 0.9962 -1.4374 2.571, 0.9639 -1.4374 2.5959, 0.9262 -1.4374 2.6115, 0.8858 -1.4374 2.6168, 0.8454 -1.4374 2.6115, 0.8078 -1.4374 2.5959, 0.7754 -1.4374 2.571, 0.7506 -1.4374 2.5387, 0.735 -1.4374 2.501, 0.7297 -1.4374 2.4606, 0.735 -1.4374 2.4202, 0.7506 -1.4374 2.3826, 0.7754 -1.4374 2.3502, 0.8078 -1.4374 2.3254, 0.8454 -1.4374 2.3098, 0.8858 -1.4374 2.3045, -0.8526 -1.4652 2.3367, -0.8217 -1.4652 2.3495, -0.7951 -1.4652 2.3699, -0.7747 -1.4652 2.3965, -0.7619 -1.4652 2.4274, -0.7575 -1.4652 2.4606, -0.7619 -1.4652 2.4938, -0.7747 -1.4652 2.5248, -0.7951 -1.4652 2.5514, -0.8217 -1.4652 2.5717, -0.8526 -1.4652 2.5846, -0.8858 -1.4652 2.5889, -0.919 -1.4652 2.5846, -0.95 -1.4652 2.5717, -0.9765 -1.4652 2.5514, -0.9969 -1.4652 2.5248, -1.0098 -1.4652 2.4938, -1.0141 -1.4652 2.4606, -1.0098 -1.4652 2.4274, -0.9969 -1.4652 2.3965, -0.9765 -1.4652 2.3699, -0.95 -1.4652 2.3495, -0.919 -1.4652 2.3367, -0.8858 -1.4652 2.3323, -0.8502 -1.4613 2.3275, -0.8169 -1.4613 2.3413, -0.7884 -1.4613 2.3632, -0.7665 -1.4613 2.3917, -0.7527 -1.4613 2.425, -0.748 -1.4613 2.4606, -0.7527 -1.4613 2.4963, -0.7665 -1.4613 2.5295, -0.7884 -1.4613 2.5581, -0.8169 -1.4613 2.58, -0.8502 -1.4613 2.5937, -0.8858 -1.4613 2.5984, -0.9215 -1.4613 2.5937, -0.9547 -1.4613 2.58, -0.9833 -1.4613 2.5581, -1.0052 -1.4613 2.5295, -1.0189 -1.4613 2.4963, -1.0236 -1.4613 2.4606, -1.0189 -1.4613 2.425, -1.0052 -1.4613 2.3917, -0.9833 -1.4613 2.3632, -0.9547 -1.4613 2.3413, -0.9215 -1.4613 2.3275, -0.8858 -1.4613 2.3228, -0.8481 -1.455 2.3197, -0.8129 -1.455 2.3342, -0.7826 -1.455 2.3574, -0.7594 -1.455 2.3877, -0.7449 -1.455 2.4229, -0.7399 -1.455 2.4606, -0.7449 -1.455 2.4984, -0.7594 -1.455 2.5336, -0.7826 -1.455 2.5638, -0.8129 -1.455 2.587, -0.8481 -1.455 2.6016, -0.8858 -1.455 2.6066, -0.9236 -1.455 2.6016, -0.9588 -1.455 2.587, -0.989 -1.455 2.5638, -1.0122 -1.455 2.5336, -1.0268 -1.455 2.4984, -1.0318 -1.455 2.4606, -1.0268 -1.455 2.4229, -1.0122 -1.455 2.3877, -0.989 -1.455 2.3574, -0.9588 -1.455 2.3342, -0.9236 -1.455 2.3197, -0.8858 -1.455 2.3147, -0.8464 -1.4469 2.3136, -0.8097 -1.4469 2.3288, -0.7782 -1.4469 2.353, -0.754 -1.4469 2.3845, -0.7388 -1.4469 2.4212, -0.7336 -1.4469 2.4606, -0.7388 -1.4469 2.5, -0.754 -1.4469 2.5367, -0.7782 -1.4469 2.5683, -0.8097 -1.4469 2.5924, -0.8464 -1.4469 2.6077, -0.8858 -1.4469 2.6128, -0.9252 -1.4469 2.6077, -0.9619 -1.4469 2.5924, -0.9935 -1.4469 2.5683, -1.0176 -1.4469 2.5367, -1.0328 -1.4469 2.5, -1.038 -1.4469 2.4606, -1.0328 -1.4469 2.4212, -1.0176 -1.4469 2.3845, -0.9935 -1.4469 2.353, -0.9619 -1.4469 2.3288, -0.9252 -1.4469 2.3136, -0.8858 -1.4469 2.3084, -0.8454 -1.4374 2.3098, -0.8078 -1.4374 2.3254, -0.7754 -1.4374 2.3502, -0.7506 -1.4374 2.3826, -0.735 -1.4374 2.4202, -0.7297 -1.4374 2.4606, -0.735 -1.4374 2.501, -0.7506 -1.4374 2.5387, -0.7754 -1.4374 2.571, -0.8078 -1.4374 2.5959, -0.8454 -1.4374 2.6115, -0.8858 -1.4374 2.6168, -0.9262 -1.4374 2.6115, -0.9639 -1.4374 2.5959, -0.9962 -1.4374 2.571, -1.021 -1.4374 2.5387, -1.0366 -1.4374 2.501, -1.042 -1.4374 2.4606, -1.0366 -1.4374 2.4202, -1.021 -1.4374 2.3826, -0.9962 -1.4374 2.3502, -0.9639 -1.4374 2.3254, -0.9262 -1.4374 2.3098, -0.8858 -1.4374 2.3045
            ]
        }
        coordIndex [
            0,1,2,-1,2,1,3,-1,2,3,4,-1,4,3,5,-1,4,5,6,-1,6,5,7,-1,6,7,8,-1,8,7,9,-1,8,9,10,-1,10,9,11,-1,10,11,12,-1,12,11,13,-1,12,13,14,-1,14,13,15,-1,14,15,16,-1,16,15,17,-1,16,17,18,-1,18,17,19,-1,18,19,20,-1,20,19,21,-1,20,21,22,-1,22,21,23,-1,22,23,24,-1,24,23,25,-1,24,25,26,-1,26,25,27,-1,26,27,28,-1,28,27,29,-1,28,29,30,-1,30,29,31,-1,30,31,32,-1,32,31,33,-1,32,33,34,-1,34,33,35,-1,34,35,36,-1,36,35,37,-1,36,37,38,-1,38,37,39,-1,38,39,40,-1,40,39,41,-1,40,41,42,-1,42,41,43,-1,42,43,44,-1,44,43,45,-1,44,45,46,-1,46,45,47,-1,46,47,0,-1,0,47,1,-1,48,49,50,-1,50,49,51,-1,50,51,52,-1,53,54,50,-1,50,54,55,-1,50,55,48,-1,56,57,50,-1,50,57,58,-1,50,58,53,-1,59,60,50,-1,50,60,61,-1,50,61,56,-1,62,63,50,-1,50,63,64,-1,50,64,59,-1,65,66,50,-1,50,66,67,-1,50,67,62,-1,68,69,50,-1,50,69,70,-1,50,70,65,-1,52,71,50,-1,50,71,72,-1,50,72,68,-1,73,74,75,-1,75,74,76,-1,75,76,77,-1,77,76,78,-1,77,78,79,-1,79,78,80,-1,79,80,81,-1,81,80,82,-1,81,82,83,-1,83,82,84,-1,83,84,85,-1,85,84,86,-1,85,86,87,-1,87,86,88,-1,87,88,89,-1,89,88,90,-1,89,90,91,-1,91,90,92,-1,91,92,93,-1,93,92,94,-1,93,94,95,-1,95,94,96,-1,95,96,97,-1,97,96,98,-1,97,98,99,-1,99,98,100,-1,99,100,101,-1,101,100,102,-1,101,102,103,-1,103,102,104,-1,103,104,105,-1,105,104,106,-1,105,106,107,-1,107,106,108,-1,107,108,109,-1,109,108,110,-1,109,110,111,-1,111,110,112,-1,111,112,113,-1,113,112,114,-1,113,114,115,-1,115,114,116,-1,115,116,117,-1,117,116,118,-1,117,118,119,-1,119,118,120,-1,119,120,73,-1,73,120,74,-1,121,122,123,-1,123,122,124,-1,123,124,125,-1,126,127,123,-1,123,127,128,-1,123,128,121,-1,129,130,123,-1,123,130,131,-1,123,131,126,-1,132,133,123,-1,123,133,134,-1,123,134,129,-1,135,136,123,-1,123,136,137,-1,123,137,132,-1,138,139,123,-1,123,139,140,-1,123,140,135,-1,141,142,123,-1,123,142,143,-1,123,143,138,-1,125,144,123,-1,123,144,145,-1,123,145,141,-1,146,147,148,-1,148,147,149,-1,148,149,150,-1,150,149,151,-1,150,151,152,-1,152,151,153,-1,152,153,154,-1,154,153,155,-1,154,155,156,-1,156,155,157,-1,156,157,158,-1,158,157,159,-1,158,159,160,-1,160,159,161,-1,160,161,162,-1,162,161,163,-1,162,163,164,-1,164,163,165,-1,164,165,166,-1,166,165,167,-1,166,167,168,-1,168,167,169,-1,168,169,170,-1,170,169,171,-1,170,171,172,-1,172,171,173,-1,172,173,174,-1,174,173,175,-1,174,175,176,-1,176,175,177,-1,176,177,178,-1,178,177,179,-1,178,179,180,-1,180,179,181,-1,180,181,182,-1,182,181,183,-1,182,183,184,-1,184,183,185,-1,184,185,186,-1,186,185,187,-1,186,187,188,-1,188,187,189,-1,188,189,190,-1,190,189,191,-1,190,191,192,-1,192,191,193,-1,192,193,146,-1,146,193,147,-1,194,195,196,-1,196,195,197,-1,196,197,198,-1,199,200,196,-1,196,200,201,-1,196,201,194,-1,202,203,196,-1,196,203,204,-1,196,204,199,-1,205,206,196,-1,196,206,207,-1,196,207,202,-1,208,209,196,-1,196,209,210,-1,196,210,205,-1,211,212,196,-1,196,212,213,-1,196,213,208,-1,214,215,196,-1,196,215,216,-1,196,216,211,-1,198,217,196,-1,196,217,218,-1,196,218,214,-1,219,220,221,-1,221,220,222,-1,221,222,223,-1,223,222,224,-1,223,224,225,-1,225,224,226,-1,225,226,227,-1,227,226,228,-1,227,228,229,-1,229,228,230,-1,229,230,231,-1,231,230,232,-1,231,232,233,-1,233,232,234,-1,233,234,235,-1,235,234,236,-1,235,236,237,-1,237,236,238,-1,237,238,239,-1,239,238,240,-1,239,240,241,-1,241,240,242,-1,241,242,243,-1,243,242,244,-1,243,244,245,-1,245,244,246,-1,245,246,247,-1,247,246,248,-1,247,248,249,-1,249,248,250,-1,249,250,251,-1,251,250,252,-1,251,252,253,-1,253,252,254,-1,253,254,255,-1,255,254,256,-1,255,256,257,-1,257,256,258,-1,257,258,259,-1,259,258,260,-1,259,260,261,-1,261,260,262,-1,261,262,263,-1,263,262,264,-1,263,264,265,-1,265,264,266,-1,265,266,219,-1,219,266,220,-1,267,268,269,-1,269,268,270,-1,269,270,271,-1,272,273,269,-1,269,273,274,-1,269,274,267,-1,275,276,269,-1,269,276,277,-1,269,277,272,-1,278,279,269,-1,269,279,280,-1,269,280,275,-1,281,282,269,-1,269,282,283,-1,269,283,278,-1,284,285,269,-1,269,285,286,-1,269,286,281,-1,287,288,269,-1,269,288,289,-1,269,289,284,-1,271,290,269,-1,269,290,291,-1,269,291,287,-1,270,292,271,-1,271,292,293,-1,271,293,290,-1,290,293,294,-1,290,294,291,-1,291,294,295,-1,291,295,287,-1,287,295,296,-1,287,296,288,-1,288,296,297,-1,288,297,289,-1,289,297,298,-1,289,298,284,-1,284,298,299,-1,284,299,285,-1,285,299,300,-1,285,300,286,-1,286,300,301,-1,286,301,281,-1,281,301,302,-1,281,302,282,-1,282,302,303,-1,282,303,283,-1,283,303,304,-1,283,304,278,-1,278,304,305,-1,278,305,279,-1,279,305,306,-1,279,306,280,-1,280,306,307,-1,280,307,275,-1,275,307,308,-1,275,308,276,-1,276,308,309,-1,276,309,277,-1,277,309,310,-1,277,310,272,-1,272,310,311,-1,272,311,273,-1,273,311,312,-1,273,312,274,-1,274,312,313,-1,274,313,267,-1,267,313,314,-1,267,314,268,-1,268,314,315,-1,268,315,270,-1,270,315,292,-1,315,316,292,-1,292,316,317,-1,292,317,293,-1,293,317,318,-1,293,318,294,-1,294,318,319,-1,294,319,295,-1,295,319,320,-1,295,320,296,-1,296,320,321,-1,296,321,297,-1,297,321,322,-1,297,322,298,-1,298,322,323,-1,298,323,299,-1,299,323,324,-1,299,324,300,-1,300,324,325,-1,300,325,301,-1,301,325,326,-1,301,326,302,-1,302,326,327,-1,302,327,303,-1,303,327,328,-1,303,328,304,-1,304,328,329,-1,304,329,305,-1,305,329,330,-1,305,330,306,-1,306,330,331,-1,306,331,307,-1,307,331,332,-1,307,332,308,-1,308,332,333,-1,308,333,309,-1,309,333,334,-1,309,334,310,-1,310,334,335,-1,310,335,311,-1,311,335,336,-1,311,336,312,-1,312,336,337,-1,312,337,313,-1,313,337,338,-1,313,338,314,-1,314,338,339,-1,314,339,315,-1,315,339,316,-1,339,340,316,-1,316,340,341,-1,316,341,317,-1,317,341,342,-1,317,342,318,-1,318,342,343,-1,318,343,319,-1,319,343,344,-1,319,344,320,-1,320,344,345,-1,320,345,321,-1,321,345,346,-1,321,346,322,-1,322,346,347,-1,322,347,323,-1,323,347,348,-1,323,348,324,-1,324,348,349,-1,324,349,325,-1,325,349,350,-1,325,350,326,-1,326,350,351,-1,326,351,327,-1,327,351,352,-1,327,352,328,-1,328,352,353,-1,328,353,329,-1,329,353,354,-1,329,354,330,-1,330,354,355,-1,330,355,331,-1,331,355,356,-1,331,356,332,-1,332,356,357,-1,332,357,333,-1,333,357,358,-1,333,358,334,-1,334,358,359,-1,334,359,335,-1,335,359,360,-1,335,360,336,-1,336,360,361,-1,336,361,337,-1,337,361,362,-1,337,362,338,-1,338,362,363,-1,338,363,339,-1,339,363,340,-1,363,364,340,-1,340,364,365,-1,340,365,341,-1,341,365,366,-1,341,366,342,-1,342,366,367,-1,342,367,343,-1,343,367,368,-1,343,368,344,-1,344,368,369,-1,344,369,345,-1,345,369,370,-1,345,370,346,-1,346,370,371,-1,346,371,347,-1,347,371,372,-1,347,372,348,-1,348,372,373,-1,348,373,349,-1,349,373,374,-1,349,374,350,-1,350,374,375,-1,350,375,351,-1,351,375,376,-1,351,376,352,-1,352,376,377,-1,352,377,353,-1,353,377,378,-1,353,378,354,-1,354,378,379,-1,354,379,355,-1,355,379,380,-1,355,380,356,-1,356,380,381,-1,356,381,357,-1,357,381,382,-1,357,382,358,-1,358,382,383,-1,358,383,359,-1,359,383,384,-1,359,384,360,-1,360,384,385,-1,360,385,361,-1,361,385,386,-1,361,386,362,-1,362,386,387,-1,362,387,363,-1,363,387,364,-1,387,388,364,-1,364,388,389,-1,364,389,365,-1,365,389,390,-1,365,390,366,-1,366,390,391,-1,366,391,367,-1,367,391,392,-1,367,392,368,-1,368,392,393,-1,368,393,369,-1,369,393,394,-1,369,394,370,-1,370,394,395,-1,370,395,371,-1,371,395,396,-1,371,396,372,-1,372,396,397,-1,372,397,373,-1,373,397,398,-1,373,398,374,-1,374,398,399,-1,374,399,375,-1,375,399,400,-1,375,400,376,-1,376,400,401,-1,376,401,377,-1,377,401,402,-1,377,402,378,-1,378,402,403,-1,378,403,379,-1,379,403,404,-1,379,404,380,-1,380,404,405,-1,380,405,381,-1,381,405,406,-1,381,406,382,-1,382,406,407,-1,382,407,383,-1,383,407,408,-1,383,408,384,-1,384,408,409,-1,384,409,385,-1,385,409,410,-1,385,410,386,-1,386,410,411,-1,386,411,387,-1,387,411,388,-1,411,240,388,-1,388,240,238,-1,388,238,389,-1,389,238,236,-1,389,236,390,-1,390,236,234,-1,390,234,391,-1,391,234,232,-1,391,232,392,-1,392,232,230,-1,392,230,393,-1,393,230,228,-1,393,228,394,-1,394,228,226,-1,394,226,395,-1,395,226,224,-1,395,224,396,-1,396,224,222,-1,396,222,397,-1,397,222,220,-1,397,220,398,-1,398,220,266,-1,398,266,399,-1,399,266,264,-1,399,264,400,-1,400,264,262,-1,400,262,401,-1,401,262,260,-1,401,260,402,-1,402,260,258,-1,402,258,403,-1,403,258,256,-1,403,256,404,-1,404,256,254,-1,404,254,405,-1,405,254,252,-1,405,252,406,-1,406,252,250,-1,406,250,407,-1,407,250,248,-1,407,248,408,-1,408,248,246,-1,408,246,409,-1,409,246,244,-1,409,244,410,-1,410,244,242,-1,410,242,411,-1,411,242,240,-1,197,412,198,-1,198,412,413,-1,198,413,217,-1,217,413,414,-1,217,414,218,-1,218,414,415,-1,218,415,214,-1,214,415,416,-1,214,416,215,-1,215,416,417,-1,215,417,216,-1,216,417,418,-1,216,418,211,-1,211,418,419,-1,211,419,212,-1,212,419,420,-1,212,420,213,-1,213,420,421,-1,213,421,208,-1,208,421,422,-1,208,422,209,-1,209,422,423,-1,209,423,210,-1,210,423,424,-1,210,424,205,-1,205,424,425,-1,205,425,206,-1,206,425,426,-1,206,426,207,-1,207,426,427,-1,207,427,202,-1,202,427,428,-1,202,428,203,-1,203,428,429,-1,203,429,204,-1,204,429,430,-1,204,430,199,-1,199,430,431,-1,199,431,200,-1,200,431,432,-1,200,432,201,-1,201,432,433,-1,201,433,194,-1,194,433,434,-1,194,434,195,-1,195,434,435,-1,195,435,197,-1,197,435,412,-1,435,436,412,-1,412,436,437,-1,412,437,413,-1,413,437,438,-1,413,438,414,-1,414,438,439,-1,414,439,415,-1,415,439,440,-1,415,440,416,-1,416,440,441,-1,416,441,417,-1,417,441,442,-1,417,442,418,-1,418,442,443,-1,418,443,419,-1,419,443,444,-1,419,444,420,-1,420,444,445,-1,420,445,421,-1,421,445,446,-1,421,446,422,-1,422,446,447,-1,422,447,423,-1,423,447,448,-1,423,448,424,-1,424,448,449,-1,424,449,425,-1,425,449,450,-1,425,450,426,-1,426,450,451,-1,426,451,427,-1,427,451,452,-1,427,452,428,-1,428,452,453,-1,428,453,429,-1,429,453,454,-1,429,454,430,-1,430,454,455,-1,430,455,431,-1,431,455,456,-1,431,456,432,-1,432,456,457,-1,432,457,433,-1,433,457,458,-1,433,458,434,-1,434,458,459,-1,434,459,435,-1,435,459,436,-1,459,460,436,-1,436,460,461,-1,436,461,437,-1,437,461,462,-1,437,462,438,-1,438,462,463,-1,438,463,439,-1,439,463,464,-1,439,464,440,-1,440,464,465,-1,440,465,441,-1,441,465,466,-1,441,466,442,-1,442,466,467,-1,442,467,443,-1,443,467,468,-1,443,468,444,-1,444,468,469,-1,444,469,445,-1,445,469,470,-1,445,470,446,-1,446,470,471,-1,446,471,447,-1,447,471,472,-1,447,472,448,-1,448,472,473,-1,448,473,449,-1,449,473,474,-1,449,474,450,-1,450,474,475,-1,450,475,451,-1,451,475,476,-1,451,476,452,-1,452,476,477,-1,452,477,453,-1,453,477,478,-1,453,478,454,-1,454,478,479,-1,454,479,455,-1,455,479,480,-1,455,480,456,-1,456,480,481,-1,456,481,457,-1,457,481,482,-1,457,482,458,-1,458,482,483,-1,458,483,459,-1,459,483,460,-1,483,484,460,-1,460,484,485,-1,460,485,461,-1,461,485,486,-1,461,486,462,-1,462,486,487,-1,462,487,463,-1,463,487,488,-1,463,488,464,-1,464,488,489,-1,464,489,465,-1,465,489,490,-1,465,490,466,-1,466,490,491,-1,466,491,467,-1,467,491,492,-1,467,492,468,-1,468,492,493,-1,468,493,469,-1,469,493,494,-1,469,494,470,-1,470,494,495,-1,470,495,471,-1,471,495,496,-1,471,496,472,-1,472,496,497,-1,472,497,473,-1,473,497,498,-1,473,498,474,-1,474,498,499,-1,474,499,475,-1,475,499,500,-1,475,500,476,-1,476,500,501,-1,476,501,477,-1,477,501,502,-1,477,502,478,-1,478,502,503,-1,478,503,479,-1,479,503,504,-1,479,504,480,-1,480,504,505,-1,480,505,481,-1,481,505,506,-1,481,506,482,-1,482,506,507,-1,482,507,483,-1,483,507,484,-1,507,508,484,-1,484,508,509,-1,484,509,485,-1,485,509,510,-1,485,510,486,-1,486,510,511,-1,486,511,487,-1,487,511,512,-1,487,512,488,-1,488,512,513,-1,488,513,489,-1,489,513,514,-1,489,514,490,-1,490,514,515,-1,490,515,491,-1,491,515,516,-1,491,516,492,-1,492,516,517,-1,492,517,493,-1,493,517,518,-1,493,518,494,-1,494,518,519,-1,494,519,495,-1,495,519,520,-1,495,520,496,-1,496,520,521,-1,496,521,497,-1,497,521,522,-1,497,522,498,-1,498,522,523,-1,498,523,499,-1,499,523,524,-1,499,524,500,-1,500,524,525,-1,500,525,501,-1,501,525,526,-1,501,526,502,-1,502,526,527,-1,502,527,503,-1,503,527,528,-1,503,528,504,-1,504,528,529,-1,504,529,505,-1,505,529,530,-1,505,530,506,-1,506,530,531,-1,506,531,507,-1,507,531,508,-1,531,167,508,-1,508,167,165,-1,508,165,509,-1,509,165,163,-1,509,163,510,-1,510,163,161,-1,510,161,511,-1,511,161,159,-1,511,159,512,-1,512,159,157,-1,512,157,513,-1,513,157,155,-1,513,155,514,-1,514,155,153,-1,514,153,515,-1,515,153,151,-1,515,151,516,-1,516,151,149,-1,516,149,517,-1,517,149,147,-1,517,147,518,-1,518,147,193,-1,518,193,519,-1,519,193,191,-1,519,191,520,-1,520,191,189,-1,520,189,521,-1,521,189,187,-1,521,187,522,-1,522,187,185,-1,522,185,523,-1,523,185,183,-1,523,183,524,-1,524,183,181,-1,524,181,525,-1,525,181,179,-1,525,179,526,-1,526,179,177,-1,526,177,527,-1,527,177,175,-1,527,175,528,-1,528,175,173,-1,528,173,529,-1,529,173,171,-1,529,171,530,-1,530,171,169,-1,530,169,531,-1,531,169,167,-1,124,532,125,-1,125,532,533,-1,125,533,144,-1,144,533,534,-1,144,534,145,-1,145,534,535,-1,145,535,141,-1,141,535,536,-1,141,536,142,-1,142,536,537,-1,142,537,143,-1,143,537,538,-1,143,538,138,-1,138,538,539,-1,138,539,139,-1,139,539,540,-1,139,540,140,-1,140,540,541,-1,140,541,135,-1,135,541,542,-1,135,542,136,-1,136,542,543,-1,136,543,137,-1,137,543,544,-1,137,544,132,-1,132,544,545,-1,132,545,133,-1,133,545,546,-1,133,546,134,-1,134,546,547,-1,134,547,129,-1,129,547,548,-1,129,548,130,-1,130,548,549,-1,130,549,131,-1,131,549,550,-1,131,550,126,-1,126,550,551,-1,126,551,127,-1,127,551,552,-1,127,552,128,-1,128,552,553,-1,128,553,121,-1,121,553,554,-1,121,554,122,-1,122,554,555,-1,122,555,124,-1,124,555,532,-1,555,556,532,-1,532,556,557,-1,532,557,533,-1,533,557,558,-1,533,558,534,-1,534,558,559,-1,534,559,535,-1,535,559,560,-1,535,560,536,-1,536,560,561,-1,536,561,537,-1,537,561,562,-1,537,562,538,-1,538,562,563,-1,538,563,539,-1,539,563,564,-1,539,564,540,-1,540,564,565,-1,540,565,541,-1,541,565,566,-1,541,566,542,-1,542,566,567,-1,542,567,543,-1,543,567,568,-1,543,568,544,-1,544,568,569,-1,544,569,545,-1,545,569,570,-1,545,570,546,-1,546,570,571,-1,546,571,547,-1,547,571,572,-1,547,572,548,-1,548,572,573,-1,548,573,549,-1,549,573,574,-1,549,574,550,-1,550,574,575,-1,550,575,551,-1,551,575,576,-1,551,576,552,-1,552,576,577,-1,552,577,553,-1,553,577,578,-1,553,578,554,-1,554,578,579,-1,554,579,555,-1,555,579,556,-1,579,580,556,-1,556,580,581,-1,556,581,557,-1,557,581,582,-1,557,582,558,-1,558,582,583,-1,558,583,559,-1,559,583,584,-1,559,584,560,-1,560,584,585,-1,560,585,561,-1,561,585,586,-1,561,586,562,-1,562,586,587,-1,562,587,563,-1,563,587,588,-1,563,588,564,-1,564,588,589,-1,564,589,565,-1,565,589,590,-1,565,590,566,-1,566,590,591,-1,566,591,567,-1,567,591,592,-1,567,592,568,-1,568,592,593,-1,568,593,569,-1,569,593,594,-1,569,594,570,-1,570,594,595,-1,570,595,571,-1,571,595,596,-1,571,596,572,-1,572,596,597,-1,572,597,573,-1,573,597,598,-1,573,598,574,-1,574,598,599,-1,574,599,575,-1,575,599,600,-1,575,600,576,-1,576,600,601,-1,576,601,577,-1,577,601,602,-1,577,602,578,-1,578,602,603,-1,578,603,579,-1,579,603,580,-1,603,604,580,-1,580,604,605,-1,580,605,581,-1,581,605,606,-1,581,606,582,-1,582,606,607,-1,582,607,583,-1,583,607,608,-1,583,608,584,-1,584,608,609,-1,584,609,585,-1,585,609,610,-1,585,610,586,-1,586,610,611,-1,586,611,587,-1,587,611,612,-1,587,612,588,-1,588,612,613,-1,588,613,589,-1,589,613,614,-1,589,614,590,-1,590,614,615,-1,590,615,591,-1,591,615,616,-1,591,616,592,-1,592,616,617,-1,592,617,593,-1,593,617,618,-1,593,618,594,-1,594,618,619,-1,594,619,595,-1,595,619,620,-1,595,620,596,-1,596,620,621,-1,596,621,597,-1,597,621,622,-1,597,622,598,-1,598,622,623,-1,598,623,599,-1,599,623,624,-1,599,624,600,-1,600,624,625,-1,600,625,601,-1,601,625,626,-1,601,626,602,-1,602,626,627,-1,602,627,603,-1,603,627,604,-1,627,628,604,-1,604,628,629,-1,604,629,605,-1,605,629,630,-1,605,630,606,-1,606,630,631,-1,606,631,607,-1,607,631,632,-1,607,632,608,-1,608,632,633,-1,608,633,609,-1,609,633,634,-1,609,634,610,-1,610,634,635,-1,610,635,611,-1,611,635,636,-1,611,636,612,-1,612,636,637,-1,612,637,613,-1,613,637,638,-1,613,638,614,-1,614,638,639,-1,614,639,615,-1,615,639,640,-1,615,640,616,-1,616,640,641,-1,616,641,617,-1,617,641,642,-1,617,642,618,-1,618,642,643,-1,618,643,619,-1,619,643,644,-1,619,644,620,-1,620,644,645,-1,620,645,621,-1,621,645,646,-1,621,646,622,-1,622,646,647,-1,622,647,623,-1,623,647,648,-1,623,648,624,-1,624,648,649,-1,624,649,625,-1,625,649,650,-1,625,650,626,-1,626,650,651,-1,626,651,627,-1,627,651,628,-1,651,94,628,-1,628,94,92,-1,628,92,629,-1,629,92,90,-1,629,90,630,-1,630,90,88,-1,630,88,631,-1,631,88,86,-1,631,86,632,-1,632,86,84,-1,632,84,633,-1,633,84,82,-1,633,82,634,-1,634,82,80,-1,634,80,635,-1,635,80,78,-1,635,78,636,-1,636,78,76,-1,636,76,637,-1,637,76,74,-1,637,74,638,-1,638,74,120,-1,638,120,639,-1,639,120,118,-1,639,118,640,-1,640,118,116,-1,640,116,641,-1,641,116,114,-1,641,114,642,-1,642,114,112,-1,642,112,643,-1,643,112,110,-1,643,110,644,-1,644,110,108,-1,644,108,645,-1,645,108,106,-1,645,106,646,-1,646,106,104,-1,646,104,647,-1,647,104,102,-1,647,102,648,-1,648,102,100,-1,648,100,649,-1,649,100,98,-1,649,98,650,-1,650,98,96,-1,650,96,651,-1,651,96,94,-1,51,652,52,-1,52,652,653,-1,52,653,71,-1,71,653,654,-1,71,654,72,-1,72,654,655,-1,72,655,68,-1,68,655,656,-1,68,656,69,-1,69,656,657,-1,69,657,70,-1,70,657,658,-1,70,658,65,-1,65,658,659,-1,65,659,66,-1,66,659,660,-1,66,660,67,-1,67,660,661,-1,67,661,62,-1,62,661,662,-1,62,662,63,-1,63,662,663,-1,63,663,64,-1,64,663,664,-1,64,664,59,-1,59,664,665,-1,59,665,60,-1,60,665,666,-1,60,666,61,-1,61,666,667,-1,61,667,56,-1,56,667,668,-1,56,668,57,-1,57,668,669,-1,57,669,58,-1,58,669,670,-1,58,670,53,-1,53,670,671,-1,53,671,54,-1,54,671,672,-1,54,672,55,-1,55,672,673,-1,55,673,48,-1,48,673,674,-1,48,674,49,-1,49,674,675,-1,49,675,51,-1,51,675,652,-1,675,676,652,-1,652,676,677,-1,652,677,653,-1,653,677,678,-1,653,678,654,-1,654,678,679,-1,654,679,655,-1,655,679,680,-1,655,680,656,-1,656,680,681,-1,656,681,657,-1,657,681,682,-1,657,682,658,-1,658,682,683,-1,658,683,659,-1,659,683,684,-1,659,684,660,-1,660,684,685,-1,660,685,661,-1,661,685,686,-1,661,686,662,-1,662,686,687,-1,662,687,663,-1,663,687,688,-1,663,688,664,-1,664,688,689,-1,664,689,665,-1,665,689,690,-1,665,690,666,-1,666,690,691,-1,666,691,667,-1,667,691,692,-1,667,692,668,-1,668,692,693,-1,668,693,669,-1,669,693,694,-1,669,694,670,-1,670,694,695,-1,670,695,671,-1,671,695,696,-1,671,696,672,-1,672,696,697,-1,672,697,673,-1,673,697,698,-1,673,698,674,-1,674,698,699,-1,674,699,675,-1,675,699,676,-1,699,700,676,-1,676,700,701,-1,676,701,677,-1,677,701,702,-1,677,702,678,-1,678,702,703,-1,678,703,679,-1,679,703,704,-1,679,704,680,-1,680,704,705,-1,680,705,681,-1,681,705,706,-1,681,706,682,-1,682,706,707,-1,682,707,683,-1,683,707,708,-1,683,708,684,-1,684,708,709,-1,684,709,685,-1,685,709,710,-1,685,710,686,-1,686,710,711,-1,686,711,687,-1,687,711,712,-1,687,712,688,-1,688,712,713,-1,688,713,689,-1,689,713,714,-1,689,714,690,-1,690,714,715,-1,690,715,691,-1,691,715,716,-1,691,716,692,-1,692,716,717,-1,692,717,693,-1,693,717,718,-1,693,718,694,-1,694,718,719,-1,694,719,695,-1,695,719,720,-1,695,720,696,-1,696,720,721,-1,696,721,697,-1,697,721,722,-1,697,722,698,-1,698,722,723,-1,698,723,699,-1,699,723,700,-1,723,724,700,-1,700,724,725,-1,700,725,701,-1,701,725,726,-1,701,726,702,-1,702,726,727,-1,702,727,703,-1,703,727,728,-1,703,728,704,-1,704,728,729,-1,704,729,705,-1,705,729,730,-1,705,730,706,-1,706,730,731,-1,706,731,707,-1,707,731,732,-1,707,732,708,-1,708,732,733,-1,708,733,709,-1,709,733,734,-1,709,734,710,-1,710,734,735,-1,710,735,711,-1,711,735,736,-1,711,736,712,-1,712,736,737,-1,712,737,713,-1,713,737,738,-1,713,738,714,-1,714,738,739,-1,714,739,715,-1,715,739,740,-1,715,740,716,-1,716,740,741,-1,716,741,717,-1,717,741,742,-1,717,742,718,-1,718,742,743,-1,718,743,719,-1,719,743,744,-1,719,744,720,-1,720,744,745,-1,720,745,721,-1,721,745,746,-1,721,746,722,-1,722,746,747,-1,722,747,723,-1,723,747,724,-1,747,748,724,-1,724,748,749,-1,724,749,725,-1,725,749,750,-1,725,750,726,-1,726,750,751,-1,726,751,727,-1,727,751,752,-1,727,752,728,-1,728,752,753,-1,728,753,729,-1,729,753,754,-1,729,754,730,-1,730,754,755,-1,730,755,731,-1,731,755,756,-1,731,756,732,-1,732,756,757,-1,732,757,733,-1,733,757,758,-1,733,758,734,-1,734,758,759,-1,734,759,735,-1,735,759,760,-1,735,760,736,-1,736,760,761,-1,736,761,737,-1,737,761,762,-1,737,762,738,-1,738,762,763,-1,738,763,739,-1,739,763,764,-1,739,764,740,-1,740,764,765,-1,740,765,741,-1,741,765,766,-1,741,766,742,-1,742,766,767,-1,742,767,743,-1,743,767,768,-1,743,768,744,-1,744,768,769,-1,744,769,745,-1,745,769,770,-1,745,770,746,-1,746,770,771,-1,746,771,747,-1,747,771,748,-1,771,21,748,-1,748,21,19,-1,748,19,749,-1,749,19,17,-1,749,17,750,-1,750,17,15,-1,750,15,751,-1,751,15,13,-1,751,13,752,-1,752,13,11,-1,752,11,753,-1,753,11,9,-1,753,9,754,-1,754,9,7,-1,754,7,755,-1,755,7,5,-1,755,5,756,-1,756,5,3,-1,756,3,757,-1,757,3,1,-1,757,1,758,-1,758,1,47,-1,758,47,759,-1,759,47,45,-1,759,45,760,-1,760,45,43,-1,760,43,761,-1,761,43,41,-1,761,41,762,-1,762,41,39,-1,762,39,763,-1,763,39,37,-1,763,37,764,-1,764,37,35,-1,764,35,765,-1,765,35,33,-1,765,33,766,-1,766,33,31,-1,766,31,767,-1,767,31,29,-1,767,29,768,-1,768,29,27,-1,768,27,769,-1,769,27,25,-1,769,25,770,-1,770,25,23,-1,770,23,771,-1,771,23,21,-1,
        ]
    }
}
Shape{
    appearance Appearance {
        material  Material 	{
            diffuseColor 0.8509803921568627 0.8509803921568627 0.8509803921568627
            specularColor 0.4235294117647059 0.4235294117647059 0.4235294117647059
            ambientIntensity 0.851
            transparency 0.0
            shininess 0.5
        }
    }
    geometry IndexedFaceSet {
        ccw TRUE
        solid FALSE
        coord DEF co Coordinate {
            point [
                0.1459 -1.2697 2.3085, 0.0 -1.2697 2.3228, 1.2795 -1.2697 2.9134, -1.2795 -1.2697 2.9134, -0.2953 -1.2697 2.9134, -1.2795 -1.2697 0.3937, -0.2953 -1.2697 2.8988, 0.2953 -1.2697 2.9134, 0.2953 -1.2697 2.8988, -0.1459 -1.2697 2.3085, -0.2863 -1.2697 2.2659, -0.4156 -1.2697 2.1968, -0.5289 -1.2697 2.1037, -0.748 -1.2697 1.5748, -0.7337 -1.2697 1.4289, -0.6911 -1.2697 1.2885, -0.2863 -1.2697 0.8837, -0.2953 -1.2697 0.3937, -0.4156 -1.2697 0.9528, -0.622 -1.2697 1.9904, -0.6911 -1.2697 1.8611, -0.7337 -1.2697 1.7207, -0.622 -1.2697 1.1592, -0.5289 -1.2697 1.0459, -0.1459 -1.2697 0.8411, 0.0 -1.2697 0.8268, 0.2953 -1.2697 0.3937, 0.6911 -1.2697 1.8611, 0.622 -1.2697 1.9904, 0.5289 -1.2697 2.1037, 0.4156 -1.2697 0.9528, 1.2795 -1.2697 0.3937, 0.2863 -1.2697 0.8837, 0.1459 -1.2697 0.8411, 0.5289 -1.2697 1.0459, 0.622 -1.2697 1.1592, 0.6911 -1.2697 1.2885, 0.7337 -1.2697 1.4289, 0.748 -1.2697 1.5748, 0.7337 -1.2697 1.7207, 0.4156 -1.2697 2.1968, 0.2863 -1.2697 2.2659, 0.2953 -1.3871 2.9134, 1.3136 -1.25 2.9134, 1.3074 -1.2582 2.9134, 1.4024 -1.3532 2.9134, 1.437 -1.2697 2.9134, 1.437 0.1381 2.9134, 1.3189 0.1381 2.9134, 1.378 -1.372 2.9134, 1.2992 -1.2644 2.9134, 1.3495 -1.3838 2.9134, 1.2897 -1.2683 2.9134, 1.3189 -1.3878 2.9134, 1.3189 -1.2303 2.9134, 1.3176 -1.2405 2.9134, 1.433 -1.3003 2.9134, 1.4212 -1.3287 2.9134, -1.3189 0.1381 2.9134, -1.437 0.1381 2.9134, -1.3189 -1.2303 2.9134, -1.437 -1.2697 2.9134, -1.3176 -1.2405 2.9134, -1.433 -1.3003 2.9134, -1.3136 -1.25 2.9134, -1.4212 -1.3287 2.9134, -1.3074 -1.2582 2.9134, -1.4024 -1.3532 2.9134, -1.2992 -1.2644 2.9134, -1.378 -1.372 2.9134, -1.3495 -1.3838 2.9134, -1.2897 -1.2683 2.9134, -1.3189 -1.3878 2.9134, -0.2953 -1.3871 2.9134, 1.3189 -1.3878 0.3937, 0.2953 -1.3878 0.3937, 1.3189 -1.1909 0.3937, 1.437 -1.1909 0.3937, 1.3189 -1.2303 0.3937, 1.437 -1.2697 0.3937, 1.3176 -1.2405 0.3937, 1.433 -1.3003 0.3937, 1.3136 -1.25 0.3937, 1.4212 -1.3287 0.3937, 1.3074 -1.2582 0.3937, 1.4024 -1.3532 0.3937, 1.2992 -1.2644 0.3937, 1.2897 -1.2683 0.3937, 1.3495 -1.3838 0.3937, 1.378 -1.372 0.3937, -1.437 -1.2697 0.3937, -1.437 -1.1909 0.3937, -1.3189 -1.1909 0.3937, -1.3189 -1.2303 0.3937, -1.3176 -1.2405 0.3937, -1.433 -1.3003 0.3937, -1.3136 -1.25 0.3937, -0.2953 -1.3878 0.3937, -1.3189 -1.3878 0.3937, -1.2897 -1.2683 0.3937, -1.3495 -1.3838 0.3937, -1.2992 -1.2644 0.3937, -1.378 -1.372 0.3937, -1.3074 -1.2582 0.3937, -1.4024 -1.3532 0.3937, -1.4212 -1.3287 0.3937, -0.2953 -1.3878 0.4328, -0.2953 -1.3878 0.4182, 0.6911 -1.3878 1.2885, 0.622 -1.3878 1.1592, 0.2953 -1.3878 0.4328, 0.5289 -1.3878 1.0459, 0.4156 -1.3878 0.9528, 0.0 -1.3878 0.8268, 0.1459 -1.3878 0.8411, 0.2863 -1.3878 0.8837, -0.1459 -1.3878 0.8411, -0.2863 -1.3878 0.8837, -0.4156 -1.3878 0.9528, -0.5289 -1.3878 1.0459, -0.622 -1.3878 1.1592, -0.6911 -1.3878 1.2885, -0.4156 -1.3878 2.1968, -0.2863 -1.3878 2.2659, -0.1459 -1.3878 2.3085, -0.6911 -1.3878 1.8611, -0.622 -1.3878 1.9904, -0.5289 -1.3878 2.1037, -0.7337 -1.3878 1.4289, -0.748 -1.3878 1.5748, -0.7337 -1.3878 1.7207, 0.0 -1.3878 2.3228, 0.1459 -1.3878 2.3085, 0.2863 -1.3878 2.2659, 0.7337 -1.3878 1.4289, 0.4156 -1.3878 2.1968, 0.5289 -1.3878 2.1037, 0.622 -1.3878 1.9904, 0.6911 -1.3878 1.8611, 0.7337 -1.3878 1.7207, 0.748 -1.3878 1.5748, 0.2953 -1.3878 0.4182, 1.437 -1.1216 1.2638, 1.437 -1.139 1.2638, 1.437 -0.5974 0.3019, 1.437 -0.5887 0.3268, 1.437 -1.0986 0.3492, 1.437 -1.0335 1.2598, 1.437 -1.0335 1.2638, 1.437 -1.1173 0.3679, 1.437 0.2737 0.3268, 1.437 0.6791 0.0, 1.437 0.2597 0.3492, 1.437 0.241 0.3679, 1.437 0.2854 -0.315, 1.437 0.6791 -0.315, 1.437 0.2854 0.2756, 1.437 0.2825 0.3019, 1.437 -1.0335 2.0472, 1.437 -0.5559 0.3679, 1.437 -0.5335 0.382, 1.437 -1.139 2.0433, 1.437 -1.1216 2.0433, 1.437 -1.0335 2.0433, 1.437 -1.0845 0.3268, 1.437 -1.0758 0.3019, 1.437 -1.0728 0.2756, 1.437 -1.1647 0.3907, 1.437 -0.5746 0.3492, 1.437 -1.1397 0.382, 1.437 0.1936 0.3907, 1.437 0.2186 0.382, 1.437 0.1476 1.2598, 1.437 0.3816 2.6907, 1.437 0.3749 2.7128, 1.437 0.364 2.7332, 1.437 -0.5086 0.3907, 1.437 -0.4823 0.3937, 1.437 0.1673 0.3937, 1.437 0.3493 2.7511, 1.437 0.2216 2.8788, 1.437 0.2037 2.8935, 1.437 0.502 1.2598, 1.437 0.4757 1.2628, 1.437 1.0728 0.1181, 1.437 0.4507 1.2715, 1.437 0.4283 1.2856, 1.437 0.4096 1.3043, 1.437 0.3956 1.3267, 1.437 0.1476 1.2638, 1.437 0.3868 1.3517, 1.437 0.3839 1.378, 1.437 0.3839 2.6676, 1.437 0.1476 2.0472, 1.437 0.1476 2.0433, 1.437 0.1833 2.9044, 1.437 0.1611 2.9111, 1.437 1.0382 1.0976, 1.437 1.0728 1.0141, 1.437 -0.9547 0.0, 1.437 -0.7185 0.0, 1.437 -0.6004 0.1181, 1.437 -0.6922 0.003, 1.437 0.9547 0.0, 1.437 0.981 0.003, 1.437 1.006 0.0117, 1.437 1.0284 0.0258, 1.437 1.0471 0.0445, 1.437 1.0611 0.0669, 1.437 1.0699 0.0918, 1.437 -1.0699 0.0918, 1.437 -1.0728 0.1181, 1.437 -0.6004 0.2756, 1.437 -0.6673 0.0117, 1.437 -0.6449 0.0258, 1.437 -0.6034 0.0918, 1.437 -0.6262 0.0445, 1.437 -0.6121 0.0669, 1.437 1.0706 1.0371, 1.437 1.0638 1.0593, 1.437 1.0529 1.0797, 1.437 -1.0611 0.0669, 1.437 -1.0471 0.0445, 1.437 -0.981 0.003, 1.437 -1.0284 0.0258, 1.437 -1.006 0.0117, 1.437 0.9106 1.2253, 1.437 0.8927 1.2399, 1.437 0.8723 1.2509, 1.437 0.8501 1.2576, 1.437 0.8271 1.2598, 1.3189 -1.0335 2.0433, 1.3189 -1.0335 2.0472, 1.3189 -1.0335 1.2638, 1.3189 -1.0335 1.2598, 1.3189 0.1476 2.0433, 1.3189 0.1476 2.0472, 1.3189 0.1476 1.2638, 1.3189 0.1476 1.2598, -1.437 -1.0335 2.0472, -1.437 -1.0335 2.0433, -1.437 -1.1216 2.0433, -1.437 0.4283 1.2856, -1.437 0.4507 1.2715, -1.437 1.0728 0.1181, -1.437 0.2216 2.8788, -1.437 0.3493 2.7511, -1.437 0.364 2.7332, -1.437 -1.1397 0.382, -1.437 -1.1647 0.3907, -1.437 -1.0335 1.2598, -1.437 0.6791 0.0, -1.437 0.2825 0.3019, -1.437 0.2737 0.3268, -1.437 0.1476 1.2598, -1.437 0.4096 1.3043, -1.437 0.1611 2.9111, -1.437 -1.139 2.0433, -1.437 -1.139 1.2638, -1.437 -1.1216 1.2638, -1.437 -1.0335 1.2638, -1.437 0.6791 -0.315, -1.437 0.2854 -0.315, -1.437 0.2854 0.2756, -1.437 -0.5086 0.3907, -1.437 -0.5335 0.382, -1.437 -0.5559 0.3679, -1.437 -0.5746 0.3492, -1.437 0.3839 2.6676, -1.437 0.3839 1.378, -1.437 0.1476 1.2638, -1.437 0.3868 1.3517, -1.437 0.3956 1.3267, -1.437 0.9106 1.2253, -1.437 1.0382 1.0976, -1.437 0.1833 2.9044, -1.437 0.2037 2.8935, -1.437 -0.5887 0.3268, -1.437 -1.0986 0.3492, -1.437 -0.5974 0.3019, -1.437 -1.0845 0.3268, -1.437 -1.0758 0.3019, -1.437 -1.1173 0.3679, -1.437 0.3749 2.7128, -1.437 0.3816 2.6907, -1.437 0.1476 2.0472, -1.437 0.1476 2.0433, -1.437 0.4757 1.2628, -1.437 0.502 1.2598, -1.437 0.8271 1.2598, -1.437 0.241 0.3679, -1.437 0.2186 0.382, -1.437 0.8927 1.2399, -1.437 1.0529 1.0797, -1.437 1.0638 1.0593, -1.437 1.0706 1.0371, -1.437 1.0728 1.0141, -1.437 0.1936 0.3907, -1.437 0.1673 0.3937, -1.437 -0.4823 0.3937, -1.437 0.8501 1.2576, -1.437 0.8723 1.2509, -1.437 1.0699 0.0918, -1.437 1.0611 0.0669, -1.437 1.0471 0.0445, -1.437 1.0284 0.0258, -1.437 1.006 0.0117, -1.437 0.2597 0.3492, -1.437 0.9547 0.0, -1.437 0.981 0.003, -1.437 -0.6004 0.2756, -1.437 -0.6004 0.1181, -1.437 -0.7185 0.0, -1.437 -0.6034 0.0918, -1.437 -0.6262 0.0445, -1.437 -0.6449 0.0258, -1.437 -0.6673 0.0117, -1.437 -1.0728 0.2756, -1.437 -1.0728 0.1181, -1.437 -0.9547 0.0, -1.437 -0.6121 0.0669, -1.437 -0.6922 0.003, -1.437 -0.981 0.003, -1.437 -1.006 0.0117, -1.437 -1.0284 0.0258, -1.437 -1.0471 0.0445, -1.437 -1.0611 0.0669, -1.437 -1.0699 0.0918, -1.3189 0.1476 2.0472, -1.3189 0.1476 2.0433, -1.3189 0.1476 1.2598, -1.3189 0.1476 1.2638, -1.3189 -1.0335 2.0472, -1.3189 -1.0335 2.0433, -1.3189 -1.0335 1.2598, -1.3189 -1.0335 1.2638, -1.3189 -1.1647 0.3907, -1.3189 -1.1397 0.382, -1.3189 -1.1173 0.3679, -1.3189 -1.0986 0.3492, -1.3189 -1.0845 0.3268, -1.3189 -1.0758 0.3019, -1.3189 -1.0728 0.2756, -1.3189 -1.0728 0.1181, -1.3189 -1.0699 0.0918, -1.3189 -1.0611 0.0669, -1.3189 -1.0471 0.0445, -1.3189 -1.0284 0.0258, -1.3189 -1.006 0.0117, -1.3189 -0.981 0.003, -1.3189 -0.9547 0.0, -1.3189 -0.7185 0.0, -1.3189 -0.6922 0.003, -1.3189 -0.6673 0.0117, -1.3189 -0.6449 0.0258, -1.3189 -0.6262 0.0445, -1.3189 -0.6121 0.0669, -1.3189 -0.6034 0.0918, -1.3189 -0.6004 0.1181, -1.3189 -0.6004 0.2756, -1.3189 -0.5974 0.3019, -1.3189 -0.5887 0.3268, -1.3189 -0.5746 0.3492, -1.3189 -0.5559 0.3679, -1.3189 -0.5335 0.382, -1.3189 -0.5086 0.3907, -1.3189 -0.4823 0.3937, -1.3189 0.1673 0.3937, -1.3189 0.1936 0.3907, -1.3189 0.2186 0.382, -1.3189 0.241 0.3679, -1.3189 0.2597 0.3492, -1.3189 0.2737 0.3268, -1.3189 0.2825 0.3019, -1.3189 0.2854 0.2756, -1.3189 0.2854 -0.315, -1.3189 0.9547 0.0, -1.3189 0.6791 0.0, -1.3189 0.981 0.003, -1.3189 1.006 0.0117, -1.3189 1.0284 0.0258, -1.3189 1.0471 0.0445, -1.3189 1.0611 0.0669, -1.3189 1.0699 0.0918, -1.3189 1.0728 0.1181, -1.3189 1.0728 1.0141, -1.3189 1.0706 1.0371, -1.3189 1.0638 1.0593, -1.3189 1.0529 1.0797, -1.3189 1.0382 1.0976, -1.3189 0.9106 1.2253, -1.3189 0.8927 1.2399, -1.3189 0.8723 1.2509, -1.3189 0.8501 1.2576, -1.3189 0.8271 1.2598, -1.3189 0.502 1.2598, -1.3189 0.4757 1.2628, -1.3189 0.4507 1.2715, -1.3189 0.4283 1.2856, -1.3189 0.4096 1.3043, -1.3189 0.3956 1.3267, -1.3189 0.3868 1.3517, -1.3189 0.3839 1.378, -1.3189 0.3839 2.6676, -1.3189 0.3816 2.6907, -1.3189 0.3749 2.7128, -1.3189 0.364 2.7332, -1.3189 0.3493 2.7511, -1.3189 0.2216 2.8788, -1.3189 0.2037 2.8935, -1.3189 0.1833 2.9044, -1.3189 0.1611 2.9111, -1.3189 0.6791 -0.315, -1.3873 0.2854 -0.5306, -1.3873 0.6791 -0.5306, -1.3498 0.6791 -0.4639, -1.3498 0.2854 -0.4639, -1.3267 0.6791 -0.391, -1.3267 0.2854 -0.391, -1.4838 0.2854 -0.4625, -1.4582 0.2854 -0.4169, -1.4424 0.2854 -0.367, -1.4424 0.6791 -0.367, -1.4582 0.6791 -0.4169, -1.4838 0.6791 -0.4625, -1.5407 0.6791 -0.748, -1.5407 0.2854 -0.748, -1.6372 0.2854 -0.68, -1.6372 0.6791 -0.68, -1.5498 0.6791 -0.7651, -1.5498 0.2854 -0.7651, -1.5545 0.6791 -0.7838, -1.5545 0.2854 -0.7838, -1.5545 0.6791 -0.8031, -1.5545 0.2854 -0.8031, -1.5498 0.6791 -0.8218, -1.5498 0.2854 -0.8218, -1.5407 0.6791 -0.8388, -1.5407 0.2854 -0.8388, -1.66 0.2854 -0.7225, -1.6717 0.2854 -0.7693, -1.6717 0.2854 -0.8176, -1.66 0.2854 -0.8644, -1.6372 0.2854 -0.9069, -1.6372 0.6791 -0.9069, -1.66 0.6791 -0.8644, -1.6717 0.6791 -0.8176, -1.6717 0.6791 -0.7693, -1.66 0.6791 -0.7225, -1.3873 0.6791 -1.0563, -1.3873 0.2854 -1.0563, -1.4838 0.2854 -1.1244, -1.4838 0.6791 -1.1244, -1.3267 0.6786 -1.1958, -1.3301 0.6791 -1.1811, -1.3301 0.2854 -1.1811, -1.3498 0.2854 -1.123, -1.3267 0.286 -1.1958, -1.321 0.2921 -1.232, -1.321 0.6724 -1.232, -1.3189 0.3076 -1.2719, -1.3189 0.6569 -1.2719, -1.3498 0.6791 -1.123, -1.4537 0.2854 -1.1811, -1.4582 0.2854 -1.17, -1.4424 0.6753 -1.2199, -1.4401 0.6724 -1.232, -1.4407 0.2928 -1.2319, -1.4378 0.6658 -1.2523, -1.4378 0.2988 -1.2523, -1.437 0.6569 -1.2719, -1.437 0.3076 -1.2719, -1.4424 0.2893 -1.2199, -1.4537 0.6791 -1.1811, -1.4582 0.6791 -1.17, -1.3189 0.6528 -1.2795, -1.3189 0.3118 -1.2795, -1.3189 0.3431 -1.3203, -1.3189 0.3839 -1.3516, -1.3189 0.4823 -1.378, -1.3189 0.5332 -1.3712, -1.3189 0.5807 -1.3516, -1.3189 0.4313 -1.3712, -1.3189 0.6215 -1.3203, -1.437 0.6528 -1.2795, -1.437 0.4313 -1.3712, -1.437 0.3839 -1.3516, -1.437 0.5807 -1.3516, -1.437 0.5332 -1.3712, -1.437 0.4823 -1.378, -1.437 0.3431 -1.3203, -1.437 0.3118 -1.2795, -1.437 0.6215 -1.3203, -1.4245 -0.9278 2.0433, -1.4245 -0.9278 1.2638, -1.4341 -0.9818 2.0433, -1.4368 -1.022 1.2638, -1.4364 -1.022 2.0433, -1.3167 -0.9939 2.0433, -1.3097 -0.9553 2.0433, -1.3097 -0.9553 1.2638, -1.3161 -0.994 1.2638, -1.3174 -1.0019 1.2638, -1.4245 0.0419 2.0433, -1.4245 0.0419 1.2638, -1.3097 0.0695 2.0433, -1.3097 0.0695 1.2638, -1.3294 -0.3542 1.2638, -1.3294 -0.3542 2.0433, -1.2146 -0.3266 2.0433, -1.2146 -0.3266 1.2638, -1.3189 -0.4429 2.0433, -1.3189 -0.4429 1.2638, -1.3294 -0.5317 2.0433, -1.3294 -0.5317 1.2638, -1.2146 -0.5592 2.0433, -1.2008 -0.4429 2.0433, -1.2146 -0.5592 1.2638, -1.2008 -0.4429 1.2638, 1.3189 0.4283 1.2856, 1.3189 0.4507 1.2715, 1.3189 1.0728 0.1181, 1.3189 0.1611 2.9111, 1.3189 0.2216 2.8788, 1.3189 0.3493 2.7511, 1.3189 0.364 2.7332, 1.3189 -0.5086 0.3907, 1.3189 -0.5335 0.382, 1.3189 0.6791 0.0, 1.3189 0.2825 0.3019, 1.3189 0.2737 0.3268, 1.3189 0.4096 1.3043, 1.3189 0.241 0.3679, 1.3189 0.2186 0.382, 1.3189 0.1936 0.3907, 1.3189 -1.1397 0.382, 1.3189 -1.1647 0.3907, 1.3189 0.6791 -0.315, 1.3189 0.2854 -0.315, 1.3189 0.2854 0.2756, 1.3189 0.3749 2.7128, 1.3189 0.3816 2.6907, 1.3189 0.3839 2.6676, 1.3189 0.3839 1.378, 1.3189 0.3868 1.3517, 1.3189 0.3956 1.3267, 1.3189 0.4757 1.2628, 1.3189 0.502 1.2598, 1.3189 0.8271 1.2598, 1.3189 0.1833 2.9044, 1.3189 0.2037 2.8935, 1.3189 -1.1173 0.3679, 1.3189 -1.0986 0.3492, 1.3189 0.8927 1.2399, 1.3189 0.9106 1.2253, 1.3189 1.0382 1.0976, 1.3189 1.0728 1.0141, 1.3189 1.0699 0.0918, 1.3189 1.0611 0.0669, 1.3189 0.2597 0.3492, 1.3189 0.9547 0.0, 1.3189 0.981 0.003, 1.3189 1.006 0.0117, 1.3189 -1.0845 0.3268, 1.3189 -0.5559 0.3679, 1.3189 -0.5746 0.3492, 1.3189 -0.5887 0.3268, 1.3189 -0.5974 0.3019, 1.3189 1.0706 1.0371, 1.3189 1.0529 1.0797, 1.3189 1.0638 1.0593, 1.3189 1.0471 0.0445, 1.3189 1.0284 0.0258, 1.3189 0.1673 0.3937, 1.3189 -0.4823 0.3937, 1.3189 0.8501 1.2576, 1.3189 0.8723 1.2509, 1.3189 -0.7185 0.0, 1.3189 -0.9547 0.0, 1.3189 -1.0728 0.1181, 1.3189 -0.981 0.003, 1.3189 -1.006 0.0117, 1.3189 -0.6034 0.0918, 1.3189 -0.6004 0.1181, 1.3189 -0.6004 0.2756, 1.3189 -1.0728 0.2756, 1.3189 -1.0758 0.3019, 1.3189 -1.0284 0.0258, 1.3189 -1.0471 0.0445, 1.3189 -1.0699 0.0918, 1.3189 -1.0611 0.0669, 1.3189 -0.6121 0.0669, 1.3189 -0.6262 0.0445, 1.3189 -0.6922 0.003, 1.3189 -0.6449 0.0258, 1.3189 -0.6673 0.0117, 1.4424 0.6791 -0.367, 1.4424 0.2854 -0.367, 1.4582 0.6791 -0.4169, 1.4582 0.2854 -0.4169, 1.4838 0.6791 -0.4625, 1.4838 0.2854 -0.4625, 1.3267 0.2854 -0.391, 1.3498 0.2854 -0.4639, 1.3873 0.2854 -0.5306, 1.3873 0.6791 -0.5306, 1.3498 0.6791 -0.4639, 1.3267 0.6791 -0.391, 1.6372 0.6791 -0.68, 1.6372 0.2854 -0.68, 1.5407 0.2854 -0.748, 1.5407 0.6791 -0.748, 1.6372 0.2854 -0.9069, 1.6372 0.6791 -0.9069, 1.66 0.6791 -0.8644, 1.66 0.2854 -0.8644, 1.6717 0.6791 -0.8176, 1.6717 0.2854 -0.8176, 1.6717 0.6791 -0.7693, 1.6717 0.2854 -0.7693, 1.66 0.6791 -0.7225, 1.66 0.2854 -0.7225, 1.5407 0.2854 -0.8388, 1.5498 0.2854 -0.8218, 1.5545 0.2854 -0.8031, 1.5545 0.2854 -0.7838, 1.5498 0.2854 -0.7651, 1.5498 0.6791 -0.7651, 1.5545 0.6791 -0.7838, 1.5545 0.6791 -0.8031, 1.5498 0.6791 -0.8218, 1.5407 0.6791 -0.8388, 1.4838 0.6791 -1.1244, 1.4838 0.2854 -1.1244, 1.3873 0.2854 -1.0563, 1.3873 0.6791 -1.0563, 1.4582 0.6791 -1.17, 1.4424 0.2893 -1.2199, 1.4401 0.2921 -1.232, 1.4407 0.6718 -1.2319, 1.4378 0.2988 -1.2523, 1.4378 0.6658 -1.2523, 1.437 0.3076 -1.2719, 1.437 0.6569 -1.2719, 1.4424 0.6753 -1.2199, 1.4537 0.6791 -1.1811, 1.4537 0.2854 -1.1811, 1.4582 0.2854 -1.17, 1.3498 0.2854 -1.123, 1.3301 0.2854 -1.1811, 1.3267 0.286 -1.1958, 1.3267 0.6786 -1.1958, 1.321 0.6724 -1.232, 1.321 0.2921 -1.232, 1.3189 0.6569 -1.2719, 1.3189 0.3076 -1.2719, 1.3301 0.6791 -1.1811, 1.3498 0.6791 -1.123, 1.437 0.6528 -1.2795, 1.437 0.3118 -1.2795, 1.437 0.3431 -1.3203, 1.437 0.3839 -1.3516, 1.437 0.4823 -1.378, 1.437 0.5332 -1.3712, 1.437 0.5807 -1.3516, 1.437 0.4313 -1.3712, 1.437 0.6215 -1.3203, 1.3189 0.6528 -1.2795, 1.3189 0.4313 -1.3712, 1.3189 0.3839 -1.3516, 1.3189 0.5807 -1.3516, 1.3189 0.5332 -1.3712, 1.3189 0.4823 -1.378, 1.3189 0.3431 -1.3203, 1.3189 0.3118 -1.2795, 1.3189 0.6215 -1.3203, 1.4245 -0.9278 1.2638, 1.4245 -0.9278 2.0433, 1.4341 -0.9818 1.2638, 1.4368 -1.022 2.0433, 1.4364 -1.022 1.2638, 1.3097 0.0695 2.0433, 1.3097 0.0695 1.2638, 1.4245 0.0419 2.0433, 1.4245 0.0419 1.2638, 1.2146 -0.3266 1.2638, 1.2146 -0.3266 2.0433, 1.3294 -0.3542 2.0433, 1.3294 -0.3542 1.2638, 1.2146 -0.5592 1.2638, 1.2146 -0.5592 2.0433, 1.2008 -0.4429 2.0433, 1.2008 -0.4429 1.2638, 1.3189 -0.4429 2.0433, 1.3294 -0.5317 2.0433, 1.3189 -0.4429 1.2638, 1.3294 -0.5317 1.2638, 1.3097 -0.9553 1.2638, 1.3097 -0.9553 2.0433, 1.3167 -0.9939 1.2638, 1.3161 -0.994 2.0433, 1.3174 -1.0019 2.0433, 0.1772 -0.8871 0.2559, -0.1772 -0.8871 0.2559, 0.1772 -0.8871 0.374, -0.1772 -0.8871 0.374, -0.2077 -0.8911 0.2559, -0.2953 -1.0052 0.2559, -0.2795 -0.9462 0.2559, -0.2607 -0.9217 0.2559, -0.2362 -0.9029 0.2559, 0.2953 -1.25 0.2559, -0.2953 -1.25 0.2559, -0.2913 -0.9747 0.2559, 0.2795 -0.9462 0.2559, 0.2913 -0.9747 0.2559, 0.2953 -1.0052 0.2559, 0.2077 -0.8911 0.2559, 0.2362 -0.9029 0.2559, 0.2607 -0.9217 0.2559, 0.2953 -1.0052 0.374, 0.2953 -1.25 0.374, -0.2953 -1.0052 0.374, -0.2953 -1.25 0.374, -0.2077 -0.8911 0.374, -0.2362 -0.9029 0.374, 0.2913 -0.9747 0.374, 0.2795 -0.9462 0.374, -0.2607 -0.9217 0.374, -0.2795 -0.9462 0.374, -0.2913 -0.9747 0.374, 0.2607 -0.9217 0.374, 0.2362 -0.9029 0.374, 0.2077 -0.8911 0.374, 0.2953 -1.2551 0.3747, -0.2953 -1.2551 0.3747, 0.2953 -1.2598 0.3767, -0.2953 -1.2598 0.3767, 0.2953 -1.2639 0.3798, -0.2953 -1.2639 0.3798, 0.2953 -1.2671 0.3839, -0.2953 -1.2671 0.3839, 0.2953 -1.269 0.3886, -0.2953 -1.269 0.3886, -0.2953 -1.281 0.2592, -0.2953 -1.3854 0.3724, -0.2953 -1.3742 0.3331, -0.2953 -1.3842 0.3612, -0.2953 -1.3351 0.2851, -0.2953 -1.3549 0.3048, -0.2953 -1.3574 0.3073, -0.2953 -1.3739 0.3326, -0.2953 -1.2814 0.2592, -0.2953 -1.3099 0.2691, -0.2953 -1.3129 0.271, -0.2953 -1.3345 0.2848, 0.2953 -1.3856 0.3724, 0.2953 -1.3727 0.3334, 0.2953 -1.281 0.2595, 0.2953 -1.3128 0.2712, 0.2953 -1.3344 0.2849, 0.2953 -1.355 0.3047, 0.2953 -1.2355 3.0512, -0.2953 -1.2355 3.0512, -0.2953 -1.2725 3.0466, 0.2953 -1.2725 3.0466, -0.2953 -1.3074 3.0331, 0.2953 -1.3074 3.0331, -0.2953 -1.3379 3.0116, 0.2953 -1.3379 3.0116, -0.2953 -1.3623 2.9833, 0.2953 -1.3623 2.9833, -0.2953 -1.379 2.9499, 0.2953 -1.379 2.9499, 0.1772 -0.9699 2.9331, -0.1772 -0.9699 2.9331, 0.1772 -0.9699 3.0512, -0.1772 -0.9699 3.0512, 0.2953 -1.2685 2.9077, 0.2953 -1.2355 2.9331, 0.2953 -1.2443 2.9319, 0.2953 -1.2526 2.9285, 0.2953 -1.2597 2.923, 0.2953 -1.2651 2.916, -0.2953 -1.2597 2.923, -0.2953 -1.2651 2.916, -0.2953 -1.2685 2.9077, -0.2953 -1.2355 2.9331, -0.2953 -1.2443 2.9319, -0.2953 -1.2526 2.9285, 0.2953 -1.088 3.0512, 0.2953 -1.088 2.9331, -0.2953 -1.088 3.0512, 0.2795 -1.029 3.0512, 0.2607 -1.0045 3.0512, 0.2362 -0.9857 3.0512, -0.2913 -1.0574 3.0512, -0.2362 -0.9857 3.0512, -0.2607 -1.0045 3.0512, -0.2795 -1.029 3.0512, 0.2913 -1.0574 3.0512, 0.2077 -0.9739 3.0512, -0.2077 -0.9739 3.0512, -0.2953 -1.088 2.9331, 0.2362 -0.9857 2.9331, 0.2607 -1.0045 2.9331, 0.2795 -1.029 2.9331, 0.2913 -1.0574 2.9331, -0.2795 -1.029 2.9331, -0.2607 -1.0045 2.9331, -0.2362 -0.9857 2.9331, 0.2077 -0.9739 2.9331, -0.2913 -1.0574 2.9331, -0.2077 -0.9739 2.9331
            ]
        }
        coordIndex [
            0,1,2,-1,3,4,5,-1,5,4,6,-1,7,2,8,-1,8,2,1,-1,8,1,6,-1,6,1,9,-1,9,10,6,-1,6,10,11,-1,6,11,12,-1,13,14,5,-1,5,14,15,-1,16,17,18,-1,18,17,5,-1,12,19,6,-1,6,19,20,-1,6,20,5,-1,5,20,21,-1,5,21,13,-1,15,22,5,-1,5,22,23,-1,5,23,18,-1,16,24,17,-1,17,24,25,-1,17,25,26,-1,27,28,2,-1,2,28,29,-1,30,31,32,-1,32,31,26,-1,32,26,33,-1,33,26,25,-1,30,34,31,-1,31,34,35,-1,31,35,36,-1,36,37,31,-1,31,37,38,-1,31,38,2,-1,2,38,39,-1,2,39,27,-1,29,40,2,-1,2,40,41,-1,2,41,0,-1,2,7,42,-1,43,44,45,-1,46,47,48,-1,45,44,49,-1,49,44,50,-1,49,50,51,-1,51,50,52,-1,51,52,53,-1,48,54,46,-1,46,54,55,-1,46,55,56,-1,56,55,43,-1,56,43,57,-1,57,43,45,-1,58,59,60,-1,60,59,61,-1,60,61,62,-1,62,61,63,-1,62,63,64,-1,64,63,65,-1,64,65,66,-1,66,65,67,-1,66,67,68,-1,67,69,68,-1,68,69,70,-1,68,70,71,-1,71,70,72,-1,71,72,3,-1,4,3,73,-1,73,3,72,-1,73,72,42,-1,42,72,53,-1,42,53,2,-1,2,53,52,-1,74,75,26,-1,76,77,78,-1,78,77,79,-1,78,79,80,-1,80,79,81,-1,80,81,82,-1,82,81,83,-1,82,83,84,-1,84,83,85,-1,84,85,86,-1,26,31,74,-1,74,31,87,-1,74,87,88,-1,88,87,86,-1,88,86,89,-1,89,86,85,-1,90,91,92,-1,92,93,90,-1,90,93,94,-1,90,94,95,-1,95,94,96,-1,17,97,5,-1,5,97,98,-1,5,98,99,-1,99,98,100,-1,99,100,101,-1,101,100,102,-1,101,102,103,-1,103,102,104,-1,103,104,96,-1,96,104,105,-1,96,105,95,-1,106,98,107,-1,107,98,97,-1,108,109,110,-1,110,109,111,-1,110,111,112,-1,113,106,114,-1,114,106,110,-1,114,110,115,-1,115,110,112,-1,113,116,106,-1,106,116,117,-1,106,117,98,-1,98,117,118,-1,118,119,98,-1,98,119,120,-1,98,120,121,-1,122,123,72,-1,72,123,124,-1,72,124,53,-1,125,126,72,-1,72,126,127,-1,72,127,122,-1,121,128,98,-1,98,128,129,-1,98,129,72,-1,72,129,130,-1,72,130,125,-1,124,131,53,-1,53,131,132,-1,53,132,133,-1,74,134,108,-1,133,135,53,-1,53,135,136,-1,53,136,137,-1,137,138,53,-1,53,138,139,-1,53,139,74,-1,74,139,140,-1,74,140,134,-1,108,110,74,-1,74,110,141,-1,74,141,75,-1,25,113,33,-1,33,113,114,-1,33,114,32,-1,32,114,115,-1,32,115,30,-1,30,115,112,-1,30,112,34,-1,34,112,111,-1,34,111,35,-1,35,111,109,-1,35,109,36,-1,36,109,108,-1,36,108,37,-1,37,108,134,-1,37,134,38,-1,38,134,140,-1,38,140,39,-1,39,140,139,-1,39,139,27,-1,27,139,138,-1,27,138,28,-1,28,138,137,-1,28,137,29,-1,29,137,136,-1,29,136,40,-1,40,136,135,-1,40,135,41,-1,41,135,133,-1,41,133,0,-1,0,133,132,-1,0,132,1,-1,1,132,131,-1,1,131,9,-1,9,131,124,-1,9,124,10,-1,10,124,123,-1,10,123,11,-1,11,123,122,-1,11,122,12,-1,12,122,127,-1,12,127,19,-1,19,127,126,-1,19,126,20,-1,20,126,125,-1,20,125,21,-1,21,125,130,-1,21,130,13,-1,13,130,129,-1,13,129,14,-1,14,129,128,-1,14,128,15,-1,15,128,121,-1,15,121,22,-1,22,121,120,-1,22,120,23,-1,23,120,119,-1,23,119,18,-1,18,119,118,-1,18,118,16,-1,16,118,117,-1,16,117,24,-1,24,117,116,-1,24,116,25,-1,25,116,113,-1,142,143,79,-1,144,145,146,-1,147,148,142,-1,146,145,149,-1,79,143,46,-1,150,151,152,-1,152,151,153,-1,154,155,156,-1,156,155,151,-1,156,151,157,-1,157,151,150,-1,47,46,158,-1,147,159,160,-1,143,161,46,-1,46,161,162,-1,46,162,158,-1,158,162,163,-1,146,164,144,-1,144,164,165,-1,144,165,166,-1,142,79,147,-1,147,79,77,-1,147,77,167,-1,159,147,168,-1,168,147,167,-1,168,167,145,-1,145,167,169,-1,145,169,149,-1,170,171,172,-1,172,171,153,-1,173,174,158,-1,158,174,175,-1,160,176,147,-1,147,176,177,-1,147,177,172,-1,172,177,178,-1,172,178,170,-1,175,179,158,-1,158,179,180,-1,158,180,181,-1,182,183,184,-1,184,183,185,-1,184,185,172,-1,172,185,186,-1,186,187,172,-1,172,187,188,-1,172,188,189,-1,189,188,190,-1,189,190,191,-1,173,158,192,-1,192,158,193,-1,192,193,191,-1,191,193,194,-1,191,194,189,-1,181,195,158,-1,158,195,196,-1,158,196,47,-1,197,184,198,-1,199,200,201,-1,201,200,202,-1,153,151,172,-1,172,151,203,-1,172,203,204,-1,204,205,172,-1,172,205,206,-1,172,206,207,-1,207,208,172,-1,172,208,209,-1,172,209,184,-1,210,199,211,-1,211,199,201,-1,211,201,166,-1,166,201,212,-1,166,212,144,-1,202,213,201,-1,201,213,214,-1,201,214,215,-1,215,214,216,-1,215,216,217,-1,198,218,197,-1,197,218,219,-1,197,219,220,-1,210,221,199,-1,199,221,222,-1,199,222,223,-1,223,222,224,-1,223,224,225,-1,197,226,184,-1,184,226,227,-1,184,227,228,-1,228,229,184,-1,184,229,230,-1,184,230,182,-1,231,232,163,-1,163,232,158,-1,148,147,233,-1,233,147,234,-1,194,193,235,-1,235,193,236,-1,237,238,189,-1,189,238,172,-1,239,240,241,-1,242,243,244,-1,245,246,239,-1,239,246,247,-1,248,249,250,-1,250,249,91,-1,250,91,90,-1,251,252,253,-1,254,255,242,-1,241,61,239,-1,239,61,59,-1,239,59,256,-1,241,257,61,-1,61,257,258,-1,61,258,90,-1,90,258,259,-1,90,259,250,-1,250,259,260,-1,261,262,251,-1,251,262,263,-1,251,263,252,-1,264,265,250,-1,250,265,266,-1,250,266,267,-1,268,269,270,-1,270,269,271,-1,270,271,254,-1,254,271,272,-1,254,272,255,-1,273,274,244,-1,256,275,239,-1,239,275,276,-1,239,276,245,-1,267,277,278,-1,278,277,279,-1,278,279,280,-1,280,279,281,-1,267,278,250,-1,250,278,282,-1,250,282,248,-1,247,283,239,-1,239,283,284,-1,239,284,285,-1,285,284,268,-1,285,268,286,-1,286,268,270,-1,243,287,244,-1,244,287,288,-1,244,288,289,-1,290,291,254,-1,273,244,292,-1,274,293,294,-1,294,295,274,-1,274,295,296,-1,274,296,244,-1,291,297,254,-1,254,297,298,-1,254,298,250,-1,250,298,299,-1,250,299,264,-1,289,300,244,-1,244,300,301,-1,244,301,292,-1,242,244,254,-1,254,244,302,-1,254,302,303,-1,303,304,254,-1,254,304,305,-1,254,305,306,-1,253,307,251,-1,251,307,290,-1,251,290,308,-1,308,290,254,-1,308,254,309,-1,309,254,306,-1,310,311,312,-1,312,311,313,-1,314,315,316,-1,281,279,317,-1,317,279,310,-1,317,310,318,-1,318,310,312,-1,318,312,319,-1,313,320,312,-1,312,320,314,-1,312,314,321,-1,321,314,316,-1,319,322,318,-1,318,322,323,-1,318,323,324,-1,325,326,324,-1,324,326,327,-1,324,327,318,-1,328,285,329,-1,329,285,286,-1,254,330,270,-1,270,330,331,-1,239,332,240,-1,240,332,333,-1,334,250,335,-1,335,250,260,-1,92,91,336,-1,336,91,249,-1,336,249,337,-1,337,249,248,-1,337,248,338,-1,338,248,282,-1,338,282,339,-1,339,282,278,-1,339,278,340,-1,340,278,280,-1,340,280,341,-1,341,280,281,-1,341,281,342,-1,342,281,317,-1,343,342,318,-1,318,342,317,-1,343,318,327,-1,343,327,344,-1,344,327,326,-1,344,326,345,-1,345,326,325,-1,345,325,346,-1,346,325,324,-1,346,324,347,-1,347,324,323,-1,347,323,348,-1,348,323,322,-1,348,322,349,-1,349,322,319,-1,349,319,350,-1,351,350,312,-1,312,350,319,-1,351,312,321,-1,351,321,352,-1,352,321,316,-1,352,316,353,-1,353,316,315,-1,353,315,354,-1,354,315,314,-1,354,314,355,-1,355,314,320,-1,355,320,356,-1,356,320,313,-1,356,313,357,-1,357,313,311,-1,357,311,358,-1,359,358,310,-1,310,358,311,-1,359,310,360,-1,360,310,279,-1,360,279,361,-1,361,279,277,-1,361,277,362,-1,362,277,267,-1,362,267,363,-1,363,267,266,-1,363,266,364,-1,364,266,265,-1,364,265,365,-1,365,265,264,-1,365,264,366,-1,366,264,299,-1,367,366,298,-1,298,366,299,-1,367,298,368,-1,368,298,297,-1,368,297,369,-1,369,297,291,-1,369,291,370,-1,370,291,290,-1,370,290,371,-1,371,290,307,-1,371,307,372,-1,372,307,253,-1,372,253,373,-1,373,253,252,-1,373,252,374,-1,374,252,263,-1,375,374,262,-1,262,374,263,-1,308,376,251,-1,251,376,377,-1,376,308,309,-1,376,309,378,-1,378,309,306,-1,378,306,379,-1,379,306,305,-1,379,305,380,-1,380,305,304,-1,380,304,381,-1,381,304,303,-1,381,303,382,-1,382,303,302,-1,382,302,383,-1,383,302,244,-1,383,244,384,-1,385,384,296,-1,296,384,244,-1,385,296,295,-1,385,295,386,-1,386,295,294,-1,386,294,387,-1,387,294,293,-1,387,293,388,-1,388,293,274,-1,388,274,389,-1,390,389,273,-1,273,389,274,-1,390,273,292,-1,390,292,391,-1,391,292,301,-1,391,301,392,-1,392,301,300,-1,392,300,393,-1,393,300,289,-1,393,289,394,-1,395,394,288,-1,288,394,289,-1,395,288,396,-1,396,288,287,-1,396,287,397,-1,397,287,243,-1,397,243,398,-1,398,243,242,-1,398,242,399,-1,399,242,255,-1,399,255,400,-1,400,255,272,-1,400,272,401,-1,401,272,271,-1,401,271,402,-1,402,271,269,-1,403,402,268,-1,268,402,269,-1,403,268,284,-1,403,284,404,-1,404,284,283,-1,404,283,405,-1,405,283,247,-1,405,247,406,-1,406,247,246,-1,406,246,407,-1,408,407,245,-1,245,407,246,-1,408,245,276,-1,408,276,409,-1,409,276,275,-1,409,275,410,-1,410,275,256,-1,410,256,411,-1,411,256,59,-1,411,59,58,-1,58,60,332,-1,383,384,330,-1,372,377,371,-1,371,377,370,-1,332,407,408,-1,58,332,411,-1,375,412,374,-1,374,412,377,-1,374,377,373,-1,373,377,372,-1,330,369,370,-1,404,405,332,-1,332,405,406,-1,332,406,407,-1,395,396,384,-1,384,396,397,-1,384,397,330,-1,330,397,398,-1,398,399,330,-1,330,399,400,-1,330,400,331,-1,331,400,401,-1,331,401,402,-1,92,334,93,-1,93,334,335,-1,93,335,60,-1,60,335,333,-1,60,333,332,-1,92,336,334,-1,334,336,337,-1,334,337,330,-1,330,337,338,-1,404,332,403,-1,403,332,328,-1,403,328,402,-1,402,328,329,-1,402,329,331,-1,408,409,332,-1,332,409,410,-1,332,410,411,-1,340,361,362,-1,362,363,340,-1,340,363,330,-1,340,330,339,-1,339,330,338,-1,363,364,330,-1,330,364,365,-1,330,365,366,-1,379,380,330,-1,361,340,360,-1,360,340,341,-1,360,341,342,-1,366,367,330,-1,330,367,368,-1,330,368,369,-1,379,330,378,-1,384,385,389,-1,389,385,386,-1,389,386,388,-1,388,386,387,-1,370,377,330,-1,330,377,376,-1,330,376,378,-1,380,381,330,-1,330,381,382,-1,330,382,383,-1,389,390,384,-1,384,390,391,-1,384,391,392,-1,392,393,384,-1,384,393,394,-1,384,394,395,-1,343,358,342,-1,342,358,359,-1,342,359,360,-1,350,343,344,-1,343,350,358,-1,358,350,351,-1,358,351,357,-1,344,345,350,-1,350,345,346,-1,350,346,349,-1,349,346,347,-1,349,347,348,-1,353,354,352,-1,352,354,355,-1,352,355,351,-1,351,355,356,-1,351,356,357,-1,334,330,250,-1,250,330,254,-1,328,332,285,-1,285,332,239,-1,251,377,261,-1,261,377,412,-1,413,414,415,-1,413,415,416,-1,416,415,417,-1,416,417,418,-1,418,417,412,-1,418,412,375,-1,419,413,420,-1,420,413,416,-1,420,416,421,-1,421,416,418,-1,421,418,262,-1,262,418,375,-1,262,261,421,-1,421,261,422,-1,421,422,420,-1,420,422,423,-1,420,423,419,-1,419,423,424,-1,261,412,422,-1,422,412,417,-1,422,417,423,-1,423,417,415,-1,423,415,424,-1,424,415,414,-1,425,414,426,-1,426,414,413,-1,426,413,427,-1,427,413,419,-1,427,419,428,-1,428,419,424,-1,424,414,428,-1,428,414,425,-1,425,426,429,-1,429,426,430,-1,429,430,431,-1,431,430,432,-1,431,432,433,-1,433,432,434,-1,433,434,435,-1,435,434,436,-1,435,436,437,-1,437,436,438,-1,426,427,430,-1,430,427,439,-1,430,439,432,-1,432,439,440,-1,432,440,434,-1,434,440,441,-1,434,441,436,-1,436,441,442,-1,436,442,438,-1,438,442,443,-1,444,443,442,-1,444,442,445,-1,445,442,441,-1,445,441,446,-1,446,441,440,-1,446,440,447,-1,447,440,439,-1,447,439,448,-1,448,439,427,-1,448,427,428,-1,437,444,435,-1,435,444,445,-1,435,445,433,-1,433,445,446,-1,433,446,431,-1,431,446,447,-1,431,447,429,-1,429,447,448,-1,429,448,425,-1,425,448,428,-1,449,437,450,-1,450,437,438,-1,450,438,451,-1,451,438,443,-1,451,443,452,-1,452,443,444,-1,444,437,452,-1,452,437,449,-1,453,454,455,-1,455,454,456,-1,455,457,453,-1,453,457,458,-1,453,458,459,-1,459,458,460,-1,459,460,461,-1,454,462,456,-1,456,462,449,-1,456,449,450,-1,463,455,464,-1,464,455,456,-1,464,456,451,-1,451,456,450,-1,464,451,452,-1,465,466,467,-1,467,466,468,-1,467,468,469,-1,469,468,470,-1,469,470,471,-1,467,472,465,-1,465,472,463,-1,465,463,473,-1,473,463,464,-1,473,464,474,-1,474,464,452,-1,452,449,474,-1,474,449,462,-1,474,462,473,-1,473,462,454,-1,475,461,460,-1,460,476,475,-1,475,476,477,-1,475,477,478,-1,479,480,481,-1,478,482,475,-1,475,482,479,-1,475,479,483,-1,483,479,481,-1,471,470,484,-1,485,486,484,-1,487,488,489,-1,486,490,484,-1,484,490,491,-1,484,491,471,-1,485,484,489,-1,489,484,492,-1,489,492,487,-1,493,494,495,-1,495,494,496,-1,495,496,497,-1,497,496,240,-1,240,496,260,-1,240,260,241,-1,260,259,241,-1,241,259,258,-1,241,258,257,-1,498,499,493,-1,240,333,497,-1,497,333,498,-1,497,498,495,-1,495,498,493,-1,499,498,500,-1,500,498,501,-1,501,498,502,-1,502,498,333,-1,502,333,335,-1,335,260,502,-1,502,260,496,-1,502,496,501,-1,501,496,494,-1,501,494,500,-1,503,286,504,-1,504,286,270,-1,286,503,329,-1,329,503,505,-1,331,329,506,-1,506,329,505,-1,270,331,504,-1,504,331,506,-1,504,507,503,-1,503,507,508,-1,503,508,505,-1,505,508,509,-1,505,509,506,-1,506,509,510,-1,504,506,507,-1,507,506,510,-1,508,507,511,-1,511,507,512,-1,511,512,513,-1,513,512,514,-1,513,515,511,-1,511,515,516,-1,511,516,508,-1,508,516,509,-1,515,517,518,-1,515,518,516,-1,516,518,510,-1,516,510,509,-1,507,510,512,-1,512,510,518,-1,512,518,514,-1,514,518,517,-1,514,494,513,-1,513,494,493,-1,513,493,515,-1,515,493,499,-1,515,499,517,-1,517,499,500,-1,514,517,494,-1,494,517,500,-1,473,454,465,-1,465,454,453,-1,465,453,466,-1,466,453,459,-1,466,459,468,-1,468,459,470,-1,470,459,461,-1,470,461,484,-1,461,475,484,-1,484,475,483,-1,484,483,492,-1,492,483,481,-1,492,481,487,-1,487,481,480,-1,487,480,488,-1,488,480,479,-1,488,479,489,-1,476,490,477,-1,477,490,486,-1,477,486,478,-1,478,486,485,-1,478,485,482,-1,482,485,489,-1,482,489,479,-1,458,469,460,-1,460,469,471,-1,460,471,476,-1,476,471,491,-1,476,491,490,-1,455,463,457,-1,457,463,472,-1,457,472,458,-1,458,472,467,-1,458,467,469,-1,231,78,54,-1,519,520,521,-1,231,54,232,-1,232,54,48,-1,232,48,522,-1,523,524,232,-1,232,524,525,-1,526,527,238,-1,528,529,530,-1,238,531,519,-1,532,533,238,-1,238,533,534,-1,234,535,536,-1,537,538,528,-1,528,538,539,-1,528,539,529,-1,525,540,232,-1,232,540,541,-1,232,541,236,-1,236,541,542,-1,236,542,235,-1,235,542,237,-1,542,543,237,-1,237,543,544,-1,237,544,238,-1,238,544,545,-1,238,545,531,-1,520,546,521,-1,521,546,547,-1,521,547,548,-1,522,549,232,-1,232,549,550,-1,232,550,523,-1,535,234,551,-1,551,234,238,-1,551,238,552,-1,231,233,78,-1,78,233,234,-1,78,234,76,-1,76,234,536,-1,553,554,521,-1,521,554,555,-1,521,555,556,-1,519,521,238,-1,238,521,557,-1,238,557,558,-1,530,559,528,-1,528,559,532,-1,528,532,560,-1,560,532,238,-1,560,238,561,-1,561,238,562,-1,552,238,563,-1,563,238,527,-1,563,527,564,-1,564,565,563,-1,563,565,566,-1,563,566,567,-1,556,555,568,-1,568,555,569,-1,568,569,570,-1,558,571,238,-1,238,571,572,-1,238,572,562,-1,534,573,238,-1,238,573,574,-1,238,574,526,-1,548,575,521,-1,521,575,576,-1,521,576,553,-1,577,578,579,-1,579,578,580,-1,579,580,581,-1,582,577,583,-1,583,577,579,-1,583,579,584,-1,584,579,585,-1,584,585,567,-1,567,585,586,-1,567,586,563,-1,581,587,579,-1,579,587,588,-1,579,588,589,-1,589,588,590,-1,582,591,577,-1,577,591,592,-1,577,592,593,-1,593,592,594,-1,593,594,595,-1,48,47,196,-1,48,196,522,-1,522,196,195,-1,522,195,549,-1,549,195,181,-1,549,181,550,-1,550,181,180,-1,550,180,523,-1,524,523,179,-1,179,523,180,-1,524,179,175,-1,524,175,525,-1,525,175,174,-1,525,174,540,-1,540,174,173,-1,540,173,541,-1,541,173,192,-1,541,192,542,-1,543,542,191,-1,191,542,192,-1,543,191,544,-1,544,191,190,-1,544,190,545,-1,545,190,188,-1,545,188,531,-1,531,188,187,-1,531,187,519,-1,519,187,186,-1,519,186,520,-1,520,186,185,-1,520,185,546,-1,546,185,183,-1,546,183,547,-1,547,183,182,-1,548,547,230,-1,230,547,182,-1,548,230,229,-1,548,229,575,-1,575,229,228,-1,575,228,576,-1,576,228,227,-1,576,227,553,-1,553,227,226,-1,553,226,554,-1,555,554,197,-1,197,554,226,-1,555,197,220,-1,555,220,569,-1,569,220,219,-1,569,219,570,-1,570,219,218,-1,570,218,568,-1,568,218,198,-1,568,198,556,-1,521,556,184,-1,184,556,198,-1,521,184,209,-1,521,209,557,-1,557,209,208,-1,557,208,558,-1,558,208,207,-1,558,207,571,-1,571,207,206,-1,571,206,572,-1,572,206,205,-1,572,205,562,-1,562,205,204,-1,562,204,561,-1,561,204,203,-1,561,203,560,-1,528,560,151,-1,151,560,203,-1,539,538,156,-1,156,538,154,-1,539,156,529,-1,529,156,157,-1,529,157,530,-1,530,157,150,-1,530,150,559,-1,559,150,152,-1,559,152,532,-1,532,152,153,-1,532,153,533,-1,533,153,171,-1,533,171,534,-1,534,171,170,-1,534,170,573,-1,573,170,178,-1,574,573,177,-1,177,573,178,-1,574,177,526,-1,526,177,176,-1,526,176,527,-1,527,176,160,-1,527,160,564,-1,564,160,159,-1,564,159,565,-1,565,159,168,-1,565,168,566,-1,566,168,145,-1,566,145,567,-1,567,145,144,-1,567,144,584,-1,584,144,212,-1,583,584,201,-1,201,584,212,-1,583,201,215,-1,583,215,582,-1,582,215,217,-1,582,217,591,-1,591,217,216,-1,591,216,592,-1,592,216,214,-1,592,214,594,-1,594,214,213,-1,594,213,595,-1,595,213,202,-1,595,202,593,-1,593,202,200,-1,593,200,577,-1,578,577,199,-1,199,577,200,-1,578,199,223,-1,578,223,580,-1,580,223,225,-1,580,225,581,-1,581,225,224,-1,581,224,587,-1,587,224,222,-1,587,222,588,-1,588,222,221,-1,588,221,590,-1,590,221,210,-1,590,210,589,-1,589,210,211,-1,589,211,579,-1,585,579,166,-1,166,579,211,-1,585,166,586,-1,586,166,165,-1,586,165,563,-1,563,165,164,-1,563,164,552,-1,552,164,146,-1,552,146,551,-1,551,146,149,-1,551,149,535,-1,535,149,169,-1,535,169,536,-1,536,169,167,-1,536,167,76,-1,76,167,77,-1,238,234,172,-1,172,234,147,-1,232,236,158,-1,158,236,193,-1,528,151,537,-1,537,151,155,-1,155,154,596,-1,596,154,597,-1,596,597,598,-1,598,597,599,-1,598,599,600,-1,600,599,601,-1,154,538,597,-1,597,538,602,-1,597,602,599,-1,599,602,603,-1,599,603,601,-1,601,603,604,-1,605,604,603,-1,605,603,606,-1,606,603,602,-1,606,602,607,-1,607,602,538,-1,607,538,537,-1,600,605,598,-1,598,605,606,-1,598,606,596,-1,596,606,607,-1,596,607,155,-1,155,607,537,-1,608,600,609,-1,609,600,601,-1,609,601,610,-1,610,601,604,-1,610,604,611,-1,611,604,605,-1,605,600,611,-1,611,600,608,-1,612,613,614,-1,612,614,615,-1,615,614,616,-1,615,616,617,-1,617,616,618,-1,617,618,619,-1,619,618,620,-1,619,620,621,-1,621,620,608,-1,621,608,609,-1,622,612,623,-1,623,612,615,-1,623,615,624,-1,624,615,617,-1,624,617,625,-1,625,617,619,-1,625,619,626,-1,626,619,621,-1,626,621,610,-1,610,621,609,-1,610,611,626,-1,626,611,627,-1,626,627,625,-1,625,627,628,-1,625,628,624,-1,624,628,629,-1,624,629,623,-1,623,629,630,-1,623,630,622,-1,622,630,631,-1,611,608,627,-1,627,608,620,-1,627,620,628,-1,628,620,618,-1,628,618,629,-1,629,618,616,-1,629,616,630,-1,630,616,614,-1,630,614,631,-1,631,614,613,-1,632,613,633,-1,633,613,612,-1,633,612,634,-1,634,612,622,-1,634,622,635,-1,635,622,631,-1,631,613,635,-1,635,613,632,-1,636,632,633,-1,637,638,639,-1,639,638,640,-1,639,640,641,-1,641,640,642,-1,641,642,643,-1,639,644,637,-1,637,644,645,-1,637,645,646,-1,646,645,636,-1,646,636,647,-1,647,636,633,-1,633,634,647,-1,647,634,648,-1,647,648,646,-1,646,648,649,-1,650,651,652,-1,650,652,653,-1,653,652,654,-1,653,654,655,-1,651,650,656,-1,656,650,649,-1,656,649,657,-1,649,648,657,-1,657,648,634,-1,657,634,635,-1,645,656,636,-1,636,656,657,-1,636,657,632,-1,632,657,635,-1,658,643,642,-1,642,659,658,-1,658,659,660,-1,658,660,661,-1,662,663,664,-1,661,665,658,-1,658,665,662,-1,658,662,666,-1,666,662,664,-1,655,654,667,-1,668,669,667,-1,670,671,672,-1,669,673,667,-1,667,673,674,-1,667,674,655,-1,668,667,672,-1,672,667,675,-1,672,675,670,-1,676,677,678,-1,678,677,679,-1,678,679,680,-1,680,679,148,-1,148,679,163,-1,148,163,142,-1,163,162,142,-1,142,162,161,-1,142,161,143,-1,235,237,681,-1,681,237,682,-1,235,681,194,-1,194,681,683,-1,684,189,683,-1,683,189,194,-1,237,189,682,-1,682,189,684,-1,682,685,681,-1,681,685,686,-1,681,686,683,-1,683,686,687,-1,683,687,684,-1,684,687,688,-1,682,684,685,-1,685,684,688,-1,689,690,691,-1,689,691,692,-1,692,691,686,-1,692,686,685,-1,687,686,693,-1,693,686,691,-1,693,691,694,-1,694,691,690,-1,688,687,695,-1,695,687,693,-1,695,693,696,-1,696,693,694,-1,696,689,695,-1,695,689,692,-1,695,692,688,-1,688,692,685,-1,689,697,690,-1,690,697,698,-1,690,698,694,-1,694,698,677,-1,694,677,696,-1,696,677,676,-1,689,696,697,-1,697,696,676,-1,697,699,698,-1,698,699,700,-1,700,699,701,-1,701,699,233,-1,701,233,231,-1,231,163,701,-1,701,163,679,-1,701,679,700,-1,700,679,677,-1,700,677,698,-1,699,697,676,-1,148,233,680,-1,680,233,699,-1,680,699,678,-1,678,699,676,-1,656,645,651,-1,651,645,644,-1,651,644,652,-1,644,639,652,-1,652,639,641,-1,652,641,654,-1,654,641,643,-1,654,643,667,-1,643,658,667,-1,667,658,666,-1,667,666,675,-1,675,666,664,-1,675,664,670,-1,670,664,663,-1,670,663,671,-1,671,663,662,-1,671,662,672,-1,659,642,655,-1,655,642,653,-1,655,674,659,-1,659,674,673,-1,659,673,660,-1,660,673,669,-1,660,669,661,-1,661,669,668,-1,661,668,665,-1,665,668,672,-1,665,672,662,-1,646,649,637,-1,637,649,650,-1,637,650,638,-1,638,650,653,-1,638,653,640,-1,640,653,642,-1,79,46,56,-1,79,56,81,-1,81,56,57,-1,81,57,83,-1,83,57,45,-1,83,45,85,-1,85,45,49,-1,85,49,89,-1,89,49,51,-1,89,51,88,-1,88,51,53,-1,88,53,74,-1,61,90,95,-1,61,95,63,-1,63,95,105,-1,63,105,65,-1,65,105,104,-1,65,104,67,-1,67,104,102,-1,67,102,69,-1,69,102,100,-1,69,100,70,-1,70,100,98,-1,70,98,72,-1,54,78,55,-1,55,78,80,-1,55,80,43,-1,43,80,82,-1,43,82,44,-1,44,82,84,-1,44,84,50,-1,50,84,86,-1,50,86,52,-1,52,86,87,-1,52,87,2,-1,2,87,31,-1,3,5,71,-1,71,5,99,-1,71,99,68,-1,68,99,101,-1,68,101,66,-1,66,101,103,-1,66,103,64,-1,64,103,96,-1,64,96,62,-1,62,96,94,-1,62,94,60,-1,60,94,93,-1,702,703,704,-1,704,703,705,-1,706,703,707,-1,708,709,710,-1,702,711,703,-1,703,711,712,-1,703,712,707,-1,706,707,710,-1,710,707,713,-1,710,713,708,-1,714,715,702,-1,702,715,716,-1,702,716,711,-1,717,718,702,-1,702,718,719,-1,702,719,714,-1,720,721,716,-1,716,721,711,-1,707,712,722,-1,722,712,723,-1,723,705,722,-1,722,705,724,-1,722,724,725,-1,723,721,705,-1,705,721,720,-1,705,720,704,-1,704,720,726,-1,704,726,727,-1,728,729,725,-1,725,729,730,-1,725,730,722,-1,727,731,704,-1,704,731,732,-1,704,732,733,-1,721,723,734,-1,734,723,735,-1,734,735,736,-1,736,735,737,-1,736,737,738,-1,738,737,739,-1,738,739,740,-1,740,739,741,-1,740,741,742,-1,742,741,743,-1,742,743,26,-1,26,743,17,-1,712,744,723,-1,723,744,735,-1,97,17,745,-1,745,17,743,-1,741,746,743,-1,743,746,747,-1,743,747,745,-1,748,749,739,-1,739,749,750,-1,739,750,741,-1,741,750,751,-1,741,751,746,-1,744,752,735,-1,735,752,753,-1,735,753,737,-1,737,753,754,-1,737,754,739,-1,739,754,755,-1,739,755,748,-1,26,75,742,-1,742,75,756,-1,742,756,740,-1,740,756,757,-1,740,757,738,-1,711,721,758,-1,758,721,734,-1,758,734,759,-1,759,734,736,-1,759,736,760,-1,760,736,738,-1,760,738,761,-1,761,738,757,-1,754,759,760,-1,712,711,758,-1,754,753,759,-1,759,753,752,-1,759,752,758,-1,758,752,744,-1,758,744,712,-1,761,748,760,-1,760,748,755,-1,760,755,754,-1,757,750,761,-1,761,750,749,-1,761,749,748,-1,745,747,756,-1,756,747,746,-1,756,746,757,-1,757,746,751,-1,757,751,750,-1,745,756,97,-1,97,756,75,-1,97,75,107,-1,75,141,107,-1,107,141,110,-1,107,110,106,-1,762,763,764,-1,762,764,765,-1,765,764,766,-1,765,766,767,-1,767,766,768,-1,767,768,769,-1,769,768,770,-1,769,770,771,-1,771,770,772,-1,771,772,773,-1,773,772,73,-1,773,73,42,-1,774,775,776,-1,776,775,777,-1,7,8,778,-1,773,42,7,-1,779,762,780,-1,780,762,765,-1,780,765,781,-1,781,765,767,-1,781,767,782,-1,782,767,769,-1,782,769,771,-1,771,773,782,-1,782,773,7,-1,782,7,783,-1,783,7,778,-1,784,785,4,-1,4,785,786,-1,4,786,6,-1,763,787,764,-1,764,787,788,-1,764,788,766,-1,766,788,789,-1,766,789,768,-1,768,789,784,-1,768,784,770,-1,770,784,772,-1,772,784,4,-1,772,4,73,-1,8,6,778,-1,778,6,786,-1,778,786,783,-1,783,786,785,-1,783,785,782,-1,782,785,784,-1,782,784,781,-1,781,784,789,-1,781,789,780,-1,780,789,788,-1,780,788,779,-1,779,788,787,-1,790,762,791,-1,791,762,779,-1,763,762,792,-1,792,762,790,-1,793,794,795,-1,790,776,792,-1,792,776,777,-1,792,777,796,-1,797,798,799,-1,790,800,776,-1,776,800,793,-1,776,793,801,-1,801,793,795,-1,796,777,799,-1,799,777,802,-1,799,802,797,-1,803,787,792,-1,792,787,763,-1,779,787,803,-1,804,805,806,-1,807,791,774,-1,774,791,779,-1,774,779,775,-1,775,779,803,-1,808,809,810,-1,807,774,806,-1,806,774,811,-1,806,811,804,-1,803,812,775,-1,775,812,808,-1,775,808,813,-1,813,808,810,-1,774,776,801,-1,774,801,811,-1,811,801,795,-1,811,795,804,-1,804,795,794,-1,804,794,805,-1,805,794,793,-1,805,793,806,-1,806,793,800,-1,806,800,807,-1,807,800,790,-1,807,790,791,-1,777,775,813,-1,777,813,802,-1,802,813,810,-1,802,810,797,-1,797,810,809,-1,797,809,798,-1,798,809,808,-1,798,808,799,-1,799,808,812,-1,799,812,796,-1,796,812,803,-1,796,803,792,-1,702,704,733,-1,702,733,717,-1,717,733,732,-1,717,732,718,-1,718,732,731,-1,718,731,719,-1,719,731,727,-1,719,727,714,-1,714,727,726,-1,714,726,715,-1,715,726,720,-1,715,720,716,-1,705,703,706,-1,705,706,724,-1,724,706,710,-1,724,710,725,-1,725,710,709,-1,725,709,728,-1,728,709,708,-1,728,708,729,-1,729,708,713,-1,729,713,730,-1,730,713,707,-1,730,707,722,-1,
        ]
    }
}